"","X","Tag","ID_Number","Grid.x","Habitat","Grid.Session.x","date.x","BaitSession","BaitGrid.x","Site.ID.x","Trap.x","Species","Recapture.x","Sex","Age","FINAL_RbPresent_First","Pr.IPA..ng.mL.","Et.IPA..ng.mL.","Rb.presence.last","Column2","Biomarker","Year","Bait","Season","Grid","Density","Area","Opossum","Raccoon","BaitGrid.y","Residency"
"390",390,102,"102_42805","P1","Pine","P1-2","3/11/2017","Spring 2017","P1_Spring 2017","P1-2",5.4,"Raccoon","Recapture","F","Juvenile",0,"","",NA,"0",0,2017,"Rhodamine","Spring","P1","75","0.5",-0.736793675994594,-0.748422461350749,"P1_Spring ",5
"393",393,123,"123_42799","P2","Pine","P2-2","3/5/2017","Spring 2017","P2_Spring 2017","P2-2",5.3,"Raccoon","Recapture","F","Adult",0,"","",NA,"0",0,2017,"Rhodamine","Spring","P2","75","0.5",-0.997424220418293,-0.38304814185324,"P2_Spring ",3
"395",395,126,"126_42813","W2","Wetland","W2-2","3/19/2017","Spring 2017","W2_Spring 2017","W2-2",4.1,"Raccoon","Recapture","M","Juvenile",0,"","",NA,"0",0,2017,"Rhodamine","Spring","W2","75","0.5",-0.830107899925121,-0.358940736703237,"W2_Spring ",2
"398",398,137,"137_42817","R1","Riparian","R1-2","3/23/2017","Spring 2017","R1_Spring 2017","R1-2",5.2,"Raccoon","Recapture","M","Adult",0,"","",NA,"0",0,2017,"Rhodamine","Spring","R1","75","0.5",0.0855806080558497,-0.647584111265793,"R1_Spring ",2
"399",399,139,"139_42815","B3","Bottomland","B3-2","3/21/2017","Spring 2017","B3_Spring 2017","B3-2",2.1,"Raccoon","Recapture","F","Juvenile",1,"","",NA,"1",1,2017,"Rhodamine","Spring","B3","75","0.5",-0.123348297672518,0.253585545529095,"B3_Spring ",7
"400",400,146,"146_42831","W6","Wetland","W6-2","4/6/2017","Spring 2017","W6_Spring 2017","W6-2",2.2,"Raccoon","Recapture","M","Adult",1,"","",NA,"1",1,2017,"Rhodamine","Spring","W6","75","0.5",-0.45778183190283,-0.443434390896726,"W6_Spring ",4
"401",401,149,"149_42833","W6","Wetland","W6-2","4/8/2017","Spring 2017","W6_Spring 2017","W6-2",4.4,"Raccoon","Recapture","M","Adult",0,"","",NA,"0",0,2017,"Rhodamine","Spring","W6","75","0.5",-0.45778183190283,-0.443434390896726,"W6_Spring ",3
"403",403,153,"153_42798","B5","Bottomland","B5-2","3/4/2017","Spring 2017","B5_Spring 2017","B5-2",2.5,"Raccoon","Initial","M","Adult",0,"","",NA,"0",0,2017,"Rhodamine","Spring","B5","75","0.5",0.259340105708829,-0.467007543430512,"B5_Spring ",2
"404",404,154,"154_42799","P1","Pine","P1-2","3/5/2017","Spring 2017","P1_Spring 2017","P1-2",1.4,"Raccoon","Initial","F","Adult",0,"","",NA,"0",0,2017,"Rhodamine","Spring","P1","75","0.5",-0.736793675994594,-0.748422461350749,"P1_Spring ",1
"405",405,155,"155_42799","B4","Bottomland","B4-2","3/5/2017","Spring 2017","B4_Spring 2017","B4-2",5.1,"Raccoon","Initial","M","Adult",1,"","",NA,"1",1,2017,"Rhodamine","Spring","B4","75","0.5",0.836724788118357,-0.10640290542107,"B4_Spring ",1
"406",406,156,"156_42800","P2","Pine","P2-2","3/6/2017","Spring 2017","P2_Spring 2017","P2-2",4.3,"Raccoon","Initial","M","Adult",1,"","",NA,"1",1,2017,"Rhodamine","Spring","P2","75","0.5",-0.997424220418293,-0.38304814185324,"P2_Spring ",1
"407",407,157,"157_42800","W1","Wetland","W1-2","3/6/2017","Spring 2017","W1_Spring 2017","W1-2",2.5,"Raccoon","Initial","M","Adult",1,"","",NA,"1",1,2017,"Rhodamine","Spring","W1","75","0.5",-0.447714837891408,-0.547806915027724,"W1_Spring ",1
"408",408,158,"158_42800","R2","Riparian","R2-2","3/6/2017","Spring 2017","R2_Spring 2017","R2-2",2.2,"Raccoon","Initial","M","Juvenile",0,"","",NA,"0",0,2017,"Rhodamine","Spring","R2","75","0.5",0.0410747090855862,0.19997982050451,"R2_Spring ",2
"409",409,159,"159_42801","P2","Pine","P2-2","3/7/2017","Spring 2017","P2_Spring 2017","P2-2",5.2,"Raccoon","Initial","F","Adult",0,"","",NA,"0",0,2017,"Rhodamine","Spring","P2","75","0.5",-0.997424220418293,-0.38304814185324,"P2_Spring ",3
"411",411,161,"161_42802","R2","Riparian","R2-2","3/8/2017","Spring 2017","R2_Spring 2017","R2-2",2.5,"Raccoon","Initial","M","Adult",0,"","",NA,"0",0,2017,"Rhodamine","Spring","R2","75","0.5",0.0410747090855862,0.19997982050451,"R2_Spring ",3
"412",412,162,"162_42805","B6","Bottomland","B6-2","3/11/2017","Spring 2017","B6_Spring 2017","B6-2",5.2,"Raccoon","Initial","F","Adult",0,"","",NA,"0",0,2017,"Rhodamine","Spring","B6","75","0.5",-0.0359836122538214,-0.00196946003751243,"B6_Spring ",2
"413",413,163,"163_42805","P1","Pine","P1-2","3/11/2017","Spring 2017","P1_Spring 2017","P1-2",3.2,"Raccoon","Initial","M","Adult",1,"","",NA,"1",1,2017,"Rhodamine","Spring","P1","75","0.5",-0.736793675994594,-0.748422461350749,"P1_Spring ",3
"414",414,164,"164_42812","B2","Bottomland","B2-2","3/18/2017","Spring 2017","B2_Spring 2017","B2-2",5.1,"Raccoon","Initial","M","Adult",0,"","",NA,"0",0,2017,"Rhodamine","Spring","B2","75","0.5",1.15587645563119,0.927948619368414,"B2_Spring ",4
"415",415,165,"165_42813","B2","Bottomland","B2-2","3/19/2017","Spring 2017","B2_Spring 2017","B2-2",5.1,"Raccoon","Initial","F","Adult",0,"","",NA,"0",0,2017,"Rhodamine","Spring","B2","75","0.5",1.15587645563119,0.927948619368414,"B2_Spring ",2
"416",416,166,"166_42813","B2","Bottomland","B2-2","3/19/2017","Spring 2017","B2_Spring 2017","B2-2",5.3,"Raccoon","Initial","M","Adult",0,"","",NA,"0",0,2017,"Rhodamine","Spring","B2","75","0.5",1.15587645563119,0.927948619368414,"B2_Spring ",10
"418",418,168,"168_42815","R3","Riparian","R3-2","3/21/2017","Spring 2017","R3_Spring 2017","R3-2",3.2,"Raccoon","Initial","M","Juvenile",0,"","",NA,"0",0,2017,"Rhodamine","Spring","R3","75","0.5",0.114837146635641,-0.26891236366577,"R3_Spring ",1
"420",420,170,"170_42816","B3","Bottomland","B3-2","3/22/2017","Spring 2017","B3_Spring 2017","B3-2",6.1,"Raccoon","Initial","M","Adult",1,"","",NA,"1",1,2017,"Rhodamine","Spring","B3","75","0.5",-0.123348297672518,0.253585545529095,"B3_Spring ",1
"421",421,171,"171_42816","B2","Bottomland","B2-2","3/22/2017","Spring 2017","B2_Spring 2017","B2-2",5.2,"Raccoon","Initial","M","Juvenile",1,"","",NA,"1",1,2017,"Rhodamine","Spring","B2","75","0.5",1.15587645563119,0.927948619368414,"B2_Spring ",2
"423",423,173,"173_42816","W2","Wetland","W2-2","3/22/2017","Spring 2017","W2_Spring 2017","W2-2",2.2,"Raccoon","Initial","M","Juvenile",1,"","",NA,"1",1,2017,"Rhodamine","Spring","W2","75","0.5",-0.830107899925121,-0.358940736703237,"W2_Spring ",2
"425",425,175,"175_42817","R3","Riparian","R3-2","3/23/2017","Spring 2017","R3_Spring 2017","R3-2",5.4,"Raccoon","Initial","M","Adult",0,"","",NA,"0",0,2017,"Rhodamine","Spring","R3","75","0.5",0.114837146635641,-0.26891236366577,"R3_Spring ",1
"426",426,176,"176_42818","B2","Bottomland","B2-2","3/24/2017","Spring 2017","B2_Spring 2017","B2-2",6.1,"Raccoon","Initial","M","Adult",1,"","",NA,"1",1,2017,"Rhodamine","Spring","B2","75","0.5",1.15587645563119,0.927948619368414,"B2_Spring ",1
"427",427,177,"177_42818","P4","Pine","P4-2","3/24/2017","Spring 2017","P4_Spring 2017","P4-2",1.4,"Raccoon","Initial","M","Adult",1,"","",NA,"1",1,2017,"Rhodamine","Spring","P4","75","0.5",-0.816217851551863,-0.947937386985461,"P4_Spring ",1
"428",428,178,"178_42819","R1","Riparian","R1-2","3/25/2017","Spring 2017","R1_Spring 2017","R1-2",2.5,"Raccoon","Initial","M","Adult",1,"","",NA,"1",1,2017,"Rhodamine","Spring","R1","75","0.5",0.0855806080558497,-0.647584111265793,"R1_Spring ",1
"429",429,179,"179_42819","R1","Riparian","R1-2","3/25/2017","Spring 2017","R1_Spring 2017","R1-2",3.2,"Raccoon","Initial","M","Juvenile",0,"","",NA,"0",0,2017,"Rhodamine","Spring","R1","75","0.5",0.0855806080558497,-0.647584111265793,"R1_Spring ",2
"430",430,180,"180_42821","P4","Pine","P4-2","3/27/2017","Spring 2017","P4_Spring 2017","P4-2",1.5,"Raccoon","Initial","M","Adult",0,"","",NA,"0",0,2017,"Rhodamine","Spring","P4","75","0.5",-0.816217851551863,-0.947937386985461,"P4_Spring ",2
"433",433,183,"183_42828","W4","Wetland","W4-2","4/3/2017","Spring 2017","W4_Spring 2017","W4-2",1.1,"Raccoon","Initial","M","Juvenile",1,"","",NA,"1",1,2017,"Rhodamine","Spring","W4","75","0.5",-0.912078974046173,-1.13792801714022,"W4_Spring ",1
"434",434,184,"184_42829","B1","Bottomland","B1-2","4/4/2017","Spring 2017","B1_Spring 2017","B1-2",1.1,"Raccoon","Initial","M","Adult",1,"","",NA,"1",1,2017,"Rhodamine","Spring","B1","75","0.5",-0.467244995759304,-0.34686986215249,"B1_Spring ",1
"435",435,185,"185_42830","W3","Wetland","W3-2","4/5/2017","Spring 2017","W3_Spring 2017","W3-2",1.3,"Raccoon","Initial","M","Adult",0,"","",NA,"0",0,2017,"Rhodamine","Spring","W3","75","0.5",-0.882766170070536,-0.999514703823067,"W3_Spring ",2
"436",436,186,"186_42831","B1","Bottomland","B1-2","4/6/2017","Spring 2017","B1_Spring 2017","B1-2",7.1,"Raccoon","Initial","M","Adult",0,"","",NA,"0",0,2017,"Rhodamine","Spring","B1","75","0.5",-0.467244995759304,-0.34686986215249,"B1_Spring ",4
"438",438,188,"188_42833","W6","Wetland","W6-2","4/8/2017","Spring 2017","W6_Spring 2017","W6-2",1.1,"Raccoon","Initial","M","Juvenile",0,"","",NA,"0",0,2017,"Rhodamine","Spring","W6","75","0.5",-0.45778183190283,-0.443434390896726,"W6_Spring ",1
"440",440,209,"209_42799","P1","Pine","P1-2","3/5/2017","Spring 2017","P1_Spring 2017","P1-2",4.3,"Raccoon","Recapture","F","Juvenile",1,"","",NA,"1",1,2017,"Rhodamine","Spring","P1","75","0.5",-0.736793675994594,-0.748422461350749,"P1_Spring ",3
"441",441,232,"232_42820","W2","Wetland","W2-2","3/26/2017","Spring 2017","W2_Spring 2017","W2-2",1.2,"Raccoon","Recapture","M","",0,"","",NA,"0",0,2017,"Rhodamine","Spring","W2","75","0.5",-0.830107899925121,-0.358940736703237,"W2_Spring ",3
"442",442,233,"233_42820","B2","Bottomland","B2-2","3/26/2017","Spring 2017","B2_Spring 2017","B2-2",5.4,"Raccoon","Recapture","M","Adult",0,"","",NA,"0",0,2017,"Rhodamine","Spring","B2","75","0.5",1.15587645563119,0.927948619368414,"B2_Spring ",4
"443",443,234,"234_42820","W2","Wetland","W2-2","3/26/2017","Spring 2017","W2_Spring 2017","W2-2",1.1,"Raccoon","Recapture","M","Adult",1,"","",NA,"1",1,2017,"Rhodamine","Spring","W2","75","0.5",-0.830107899925121,-0.358940736703237,"W2_Spring ",3
"445",445,238,"238_42814","B2","Bottomland","B2-2","3/20/2017","Spring 2017","B2_Spring 2017","B2-2",5.2,"Raccoon","Recapture","M","Adult",1,"","",NA,"1",1,2017,"Rhodamine","Spring","B2","75","0.5",1.15587645563119,0.927948619368414,"B2_Spring ",5
"446",446,246,"246_42826","B1","Bottomland","B1-2","4/1/2017","Spring 2017","B1_Spring 2017","B1-2",6.1,"Raccoon","Recapture","M","Juvenile",0,"","",NA,"0",0,2017,"Rhodamine","Spring","B1","75","0.5",-0.467244995759304,-0.34686986215249,"B1_Spring ",10
"447",447,248,"248_42831","W5","Wetland","W5-2","4/6/2017","Spring 2017","W5_Spring 2017","W5-2",1.5,"Raccoon","Recapture","M","Adult",1,"","",NA,"1",1,2017,"Rhodamine","Spring","W5","75","0.5",-0.412348253919155,-0.907814010153179,"W5_Spring ",2
"448",448,252,"252_42827","W6","Wetland","W6-2","4/2/2017","Spring 2017","W6_Spring 2017","W6-2",5.3,"Raccoon","Recapture","M","Adult",1,"","",NA,"1",1,2017,"Rhodamine","Spring","W6","75","0.5",-0.45778183190283,-0.443434390896726,"W6_Spring ",4
"453",453,259,"259_42800","B5","Bottomland","B5-2","3/6/2017","Spring 2017","B5_Spring 2017","B5-2",2.5,"Raccoon","Initial","M","Adult",0,"","",NA,"0",0,2017,"Rhodamine","Spring","B5","75","0.5",0.259340105708829,-0.467007543430512,"B5_Spring ",6
"454",454,260,"260_42800","P1","Pine","P1-2","3/6/2017","Spring 2017","P1_Spring 2017","P1-2",4.2,"Raccoon","Initial","F","Adult",0,"","",NA,"0",0,2017,"Rhodamine","Spring","P1","75","0.5",-0.736793675994594,-0.748422461350749,"P1_Spring ",1
"456",456,262,"262_42802","B5","Bottomland","B5-2","3/8/2017","Spring 2017","B5_Spring 2017","B5-2",3.2,"Raccoon","Initial","M","Adult",0,"","",NA,"0",0,2017,"Rhodamine","Spring","B5","75","0.5",0.259340105708829,-0.467007543430512,"B5_Spring ",1
"457",457,263,"263_42803","P2","Pine","P2-2","3/9/2017","Spring 2017","P2_Spring 2017","P2-2",5.2,"Raccoon","Initial","M","Juvenile",1,"","",NA,"1",1,2017,"Rhodamine","Spring","P2","75","0.5",-0.997424220418293,-0.38304814185324,"P2_Spring ",1
"458",458,264,"264_42804","R2","Riparian","R2-2","3/10/2017","Spring 2017","R2_Spring 2017","R2-2",3.2,"Raccoon","Initial","F","Adult",0,"","",NA,"0",0,2017,"Rhodamine","Spring","R2","75","0.5",0.0410747090855862,0.19997982050451,"R2_Spring ",2
"459",459,265,"265_42805","R4","Riparian","R4-2","3/11/2017","Spring 2017","R4_Spring 2017","R4-2",4.5,"Raccoon","Initial","M","Adult",0,"","",NA,"0",0,2017,"Rhodamine","Spring","R4","75","0.5",1.03715075307207,-0.170708554591531,"R4_Spring ",1
"460",460,266,"266_42805","P2","Pine","P2-2","3/11/2017","Spring 2017","P2_Spring 2017","P2-2",5.2,"Raccoon","Initial","M","Juvenile",1,"","",NA,"1",1,2017,"Rhodamine","Spring","P2","75","0.5",-0.997424220418293,-0.38304814185324,"P2_Spring ",1
"461",461,267,"267_42807","R4","Riparian","R4-2","3/13/2017","Spring 2017","R4_Spring 2017","R4-2",4.5,"Raccoon","Initial","M","Adult",1,"","",NA,"1",1,2017,"Rhodamine","Spring","R4","75","0.5",1.03715075307207,-0.170708554591531,"R4_Spring ",1
"462",462,268,"268_42813","P3","Pine","P3-2","3/19/2017","Spring 2017","P3_Spring 2017","P3-2",5.5,"Raccoon","Initial","M","Adult",1,"","",NA,"1",1,2017,"Rhodamine","Spring","P3","75","0.5",-0.945917040512127,-0.777548236902218,"P3_Spring ",2
"463",463,269,"269_42814","B2","Bottomland","B2-2","3/20/2017","Spring 2017","B2_Spring 2017","B2-2",5.4,"Raccoon","Initial","M","Adult",1,"","",NA,"1",1,2017,"Rhodamine","Spring","B2","75","0.5",1.15587645563119,0.927948619368414,"B2_Spring ",2
"464",464,270,"270_42814","B2","Bottomland","B2-2","3/20/2017","Spring 2017","B2_Spring 2017","B2-2",6.1,"Raccoon","Initial","M","Adult",1,"","",NA,"1",1,2017,"Rhodamine","Spring","B2","75","0.5",1.15587645563119,0.927948619368414,"B2_Spring ",1
"465",465,271,"271_42815","B3","Bottomland","B3-2","3/21/2017","Spring 2017","B3_Spring 2017","B3-2",4.1,"Raccoon","Recapture","M","Adult",0,"","",NA,"0",0,2017,"Rhodamine","Spring","B3","75","0.5",-0.123348297672518,0.253585545529095,"B3_Spring ",1
"466",466,272,"272_42815","B3","Bottomland","B3-2","3/21/2017","Spring 2017","B3_Spring 2017","B3-2",7.1,"Raccoon","Initial","M","Adult",1,"","",NA,"1",1,2017,"Rhodamine","Spring","B3","75","0.5",-0.123348297672518,0.253585545529095,"B3_Spring ",1
"467",467,275,"275_42815","W2","Wetland","W2-2","3/21/2017","Spring 2017","W2_Spring 2017","W2-2",5.2,"Raccoon","Initial","F","Juvenile",0,"","",NA,"0",0,2017,"Rhodamine","Spring","W2","75","0.5",-0.830107899925121,-0.358940736703237,"W2_Spring ",5
"468",468,276,"276_42815","W2","Wetland","W2-2","3/21/2017","Spring 2017","W2_Spring 2017","W2-2",1.3,"Raccoon","Initial","M","Adult",1,"","",NA,"1",1,2017,"Rhodamine","Spring","W2","75","0.5",-0.830107899925121,-0.358940736703237,"W2_Spring ",1
"469",469,277,"277_42815","P4","Pine","P4-2","3/21/2017","Spring 2017","P4_Spring 2017","P4-2",5.5,"Raccoon","Initial","M","Adult",0,"","",NA,"0",0,2017,"Rhodamine","Spring","P4","75","0.5",-0.816217851551863,-0.947937386985461,"P4_Spring ",7
"470",470,278,"278_42819","B2","Bottomland","B2-2","3/25/2017","Spring 2017","B2_Spring 2017","B2-2",6.4,"Raccoon","Initial","M","Adult",1,"","",NA,"1",1,2017,"Rhodamine","Spring","B2","75","0.5",1.15587645563119,0.927948619368414,"B2_Spring ",1
"471",471,279,"279_42816","P3","Pine","P3-2","3/22/2017","Spring 2017","P3_Spring 2017","P3-2",5.5,"Raccoon","Initial","M","Adult",1,"","",NA,"1",1,2017,"Rhodamine","Spring","P3","75","0.5",-0.945917040512127,-0.777548236902218,"P3_Spring ",1
"472",472,280,"280_42819","P4","Pine","P4-2","3/25/2017","Spring 2017","P4_Spring 2017","P4-2",2.2,"Raccoon","Initial","M","Adult",0,"","",NA,"0",0,2017,"Rhodamine","Spring","P4","75","0.5",-0.816217851551863,-0.947937386985461,"P4_Spring ",1
"473",473,281,"281_42820","W2","Wetland","W2-2","3/26/2017","Spring 2017","W2_Spring 2017","W2-2",5.1,"Raccoon","Initial","F","Adult",1,"","",NA,"1",1,2017,"Rhodamine","Spring","W2","75","0.5",-0.830107899925121,-0.358940736703237,"W2_Spring ",3
"474",474,282,"282_42826","B1","Bottomland","B1-2","4/1/2017","Spring 2017","B1_Spring 2017","B1-2",2.3,"Raccoon","Initial","M","Juvenile",0,"","",NA,"0",0,2017,"Rhodamine","Spring","B1","75","0.5",-0.467244995759304,-0.34686986215249,"B1_Spring ",1
"476",476,284,"284_42826","W6","Wetland","W6-2","4/1/2017","Spring 2017","W6_Spring 2017","W6-2",4.5,"Raccoon","Initial","M","Adult",1,"","",NA,"1",1,2017,"Rhodamine","Spring","W6","75","0.5",-0.45778183190283,-0.443434390896726,"W6_Spring ",1
"477",477,285,"285_42827","R5","Riparian","R5-2","4/2/2017","Spring 2017","R5_Spring 2017","R5-2",2.3,"Raccoon","Initial","M","Juvenile",0,"","",NA,"0",0,2017,"Rhodamine","Spring","R5","75","0.5",-0.754757967376632,-0.648281065627218,"R5_Spring ",1
"481",481,4953,"4953_42834","P5","Pine","P5-2","4/9/2017","Spring 2017","P5_Spring 2017","P5-2",4.3,"Raccoon","Initial","M","Adult",1,"","",NA,"1",1,2017,"Rhodamine","Spring","P5","75","0.5",-0.94954574396804,-0.872940678245864,"P5_Spring ",2
"482",482,18,"18_43199","B3","Bottomland","B3-2","4/9/2018","Spring 2018","B3_Spring 2018","B3-2",4.4,"Raccoon","Initial","M",NA,1,"","",NA,"1",1,2018,"Rhodamine","Spring","B3","75","0.5",-0.123348297672518,0.253585545529095,"B3_Spring ",2
"483",483,25,"25_43199","W2","Wetland","W2-2","4/9/2018","Spring 2018","W2_Spring 2018","W2-2",5.5,"Raccoon","Initial","M",NA,0,"","",NA,"0",0,2018,"Rhodamine","Spring","W2","75","0.5",-0.830107899925121,-0.358940736703237,"W2_Spring ",4
"484",484,33,"33_43214","P5","Pine","P5-2","4/24/2018","Spring 2018","P5_Spring 2018","P5-2",3.4,"Raccoon","Initial","F",NA,0,"","",NA,"0",0,2018,"Rhodamine","Spring","P5","75","0.5",-0.94954574396804,-0.872940678245864,"P5_Spring ",3
"485",485,34,"34_43220","P5","Pine","P5-2","4/30/2018","Spring 2018","P5_Spring 2018","P5-2",3.2,"Raccoon","Initial","F",NA,0,"","",NA,"0",0,2018,"Rhodamine","Spring","P5","75","0.5",-0.94954574396804,-0.872940678245864,"P5_Spring ",3
"486",486,39,"39_43193","B2","Bottomland","B2-2","4/3/2018","Spring 2018","B2_Spring 2018","B2-2",3.4,"Raccoon","Initial","M",NA,0,"","",NA,"0",0,2018,"Rhodamine","Spring","B2","75","0.5",1.15587645563119,0.927948619368414,"B2_Spring ",2
"487",487,40,"40_43219","W5","Wetland","W5-2","4/29/2018","Spring 2018","W5_Spring 2018","W5-2",4.5,"Raccoon","Initial","M","Adult",1,"","",NA,"1",1,2018,"Rhodamine","Spring","W5","75","0.5",-0.412348253919155,-0.907814010153179,"W5_Spring ",2
"488",488,42,"42_43217","W6","Wetland","W6-2","4/27/2018","Spring 2018","W6_Spring 2018","W6-2",5.3,"Raccoon","Initial","M","Juvenile",0,"","",NA,"0",0,2018,"Rhodamine","Spring","W6","75","0.5",-0.45778183190283,-0.443434390896726,"W6_Spring ",2
"489",489,43,"43_43174","B4","Bottomland","B4-2","3/15/2018","Spring 2018","B4_Spring 2018","B4-2",3.5,"Raccoon","Initial","M","Adult",1,"","",NA,"1",1,2018,"Rhodamine","Spring","B4","75","0.5",0.836724788118357,-0.10640290542107,"B4_Spring ",2
"490",490,44,"44_43174","B4","Bottomland","B4-2","3/15/2018","Spring 2018","B4_Spring 2018","B4-2",2.4,"Raccoon","Recapture","F","Adult",0,"","",NA,"0",0,2018,"Rhodamine","Spring","B4","75","0.5",0.836724788118357,-0.10640290542107,"B4_Spring ",1
"491",491,45,"45_43174","P1","Pine","P1-2","3/15/2018","Spring 2018","P1_Spring 2018","P1-2",4.3,"Raccoon","Initial","M","Adult",0,"","",NA,"0",0,2018,"Rhodamine","Spring","P1","75","0.5",-0.736793675994594,-0.748422461350749,"P1_Spring ",1
"493",493,47,"47_43175","B4","Bottomland","B4-2","3/16/2018","Spring 2018","B4_Spring 2018","B4-2",1.2,"Raccoon","Initial","M","Adult",0,"","",NA,"0",0,2018,"Rhodamine","Spring","B4","75","0.5",0.836724788118357,-0.10640290542107,"B4_Spring ",2
"495",495,49,"49_43179","R2","Riparian","R2-2","3/20/2018","Spring 2018","R2_Spring 2018","R2-2",3.2,"Raccoon","Initial","M","Juvenile",0,"","",NA,"0",0,2018,"Rhodamine","Spring","R2","75","0.5",0.0410747090855862,0.19997982050451,"R2_Spring ",1
"496",496,50,"50_43180","B4","Bottomland","B4-2","3/21/2018","Spring 2018","B4_Spring 2018","B4-2",3.1,"Raccoon","Initial","F","Juvenile",0,"","",NA,"0",0,2018,"Rhodamine","Spring","B4","75","0.5",0.836724788118357,-0.10640290542107,"B4_Spring ",1
"497",497,51,"51_43180","P1","Pine","P1-2","3/21/2018","Spring 2018","P1_Spring 2018","P1-2",5.2,"Raccoon","Initial","M","Adult",0,"","",NA,"0",0,2018,"Rhodamine","Spring","P1","75","0.5",-0.736793675994594,-0.748422461350749,"P1_Spring ",1
"498",498,52,"52_43182","R4","Riparian","R4-2","3/23/2018","Spring 2018","R4_Spring 2018","R4-2",5.4,"Raccoon","Initial","M","Adult",0,"","",NA,"0",0,2018,"Rhodamine","Spring","R4","75","0.5",1.03715075307207,-0.170708554591531,"R4_Spring ",2
"499",499,53,"53_43183","R2","Riparian","R2-2","3/24/2018","Spring 2018","R2_Spring 2018","R2-2",1.4,"Raccoon","Initial","F","Adult",0,"","",NA,"0",0,2018,"Rhodamine","Spring","R2","75","0.5",0.0410747090855862,0.19997982050451,"R2_Spring ",1
"500",500,54,"54_43190","R6","Riparian","R6-2","3/31/2018","Spring 2018","R6_Spring 2018","R6-2",4.1,"Raccoon","Initial","M","Adult",0,"","",NA,"0",0,2018,"Rhodamine","Spring","R6","75","0.5",-0.2068998841559,-1.11468702827564,"R6_Spring ",1
"502",502,56,"56_43193","R3","Riparian","R3-2","4/3/2018","Spring 2018","R3_Spring 2018","R3-2",5.5,"Raccoon","Initial","M","Juvenile",0,"","",NA,"0",0,2018,"Rhodamine","Spring","R3","75","0.5",0.114837146635641,-0.26891236366577,"R3_Spring ",5
"504",504,58,"58_43194","R3","Riparian","R3-2","4/4/2018","Spring 2018","R3_Spring 2018","R3-2",4.3,"Raccoon","Initial","M","Juvenile",0,"","",NA,"0",0,2018,"Rhodamine","Spring","R3","75","0.5",0.114837146635641,-0.26891236366577,"R3_Spring ",1
"506",506,60,"60_43197","P3","Pine","P3-2","4/7/2018","Spring 2018","P3_Spring 2018","P3-2",2.2,"Raccoon","Initial","M","Juvenile",0,"","",NA,"0",0,2018,"Rhodamine","Spring","P3","75","0.5",-0.945917040512127,-0.777548236902218,"P3_Spring ",2
"507",507,61,"61_43198","R3","Riparian","R3-2","4/8/2018","Spring 2018","R3_Spring 2018","R3-2",2.4,"Raccoon","Initial","M","Juvenile",0,"","",NA,"0",0,2018,"Rhodamine","Spring","R3","75","0.5",0.114837146635641,-0.26891236366577,"R3_Spring ",1
"510",510,64,"64_43212","W5","Wetland","W5-2","4/22/2018","Spring 2018","W5_Spring 2018","W5-2",1.5,"Raccoon","Initial","M","Juvenile",0,"","",NA,"0",0,2018,"Rhodamine","Spring","W5","75","0.5",-0.412348253919155,-0.907814010153179,"W5_Spring ",3
"511",511,65,"65_43213","W6","Wetland","W6-2","4/23/2018","Spring 2018","W6_Spring 2018","W6-2",1.1,"Raccoon","Initial","M","Juvenile",0,"","",NA,"0",0,2018,"Rhodamine","Spring","W6","75","0.5",-0.45778183190283,-0.443434390896726,"W6_Spring ",1
"512",512,66,"66_43214","W3","Wetland","W3-2","4/24/2018","Spring 2018","W3_Spring 2018","W3-2",4.1,"Raccoon","Initial","M","Juvenile",0,"","",NA,"0",0,2018,"Rhodamine","Spring","W3","75","0.5",-0.882766170070536,-0.999514703823067,"W3_Spring ",2
"513",513,67,"67_43214","W4","Wetland","W4-2","4/24/2018","Spring 2018","W4_Spring 2018","W4-2",1.1,"Raccoon","Initial","F","Juvenile",1,"","",NA,"1",1,2018,"Rhodamine","Spring","W4","75","0.5",-0.912078974046173,-1.13792801714022,"W4_Spring ",1
"514",514,68,"68_43215","W3","Wetland","W3-2","4/25/2018","Spring 2018","W3_Spring 2018","W3-2",4.4,"Raccoon","Initial","M","Juvenile",0,"","",NA,"0",0,2018,"Rhodamine","Spring","W3","75","0.5",-0.882766170070536,-0.999514703823067,"W3_Spring ",2
"515",515,69,"69_43215","W4","Wetland","W4-2","4/25/2018","Spring 2018","W4_Spring 2018","W4-2",5.1,"Raccoon","Initial","M","Adult",0,"","",NA,"0",0,2018,"Rhodamine","Spring","W4","75","0.5",-0.912078974046173,-1.13792801714022,"W4_Spring ",1
"516",516,70,"70_43215","P5","Pine","P5-2","4/25/2018","Spring 2018","P5_Spring 2018","P5-2",5.1,"Raccoon","Initial","M","Adult",0,"","",NA,"0",0,2018,"Rhodamine","Spring","P5","75","0.5",-0.94954574396804,-0.872940678245864,"P5_Spring ",2
"517",517,71,"71_43215","P5","Pine","P5-2","4/25/2018","Spring 2018","P5_Spring 2018","P5-2",5.2,"Raccoon","Initial","M","Juvenile",1,"","",NA,"1",1,2018,"Rhodamine","Spring","P5","75","0.5",-0.94954574396804,-0.872940678245864,"P5_Spring ",1
"518",518,72,"72_43219","P5","Pine","P5-2","4/29/2018","Spring 2018","P5_Spring 2018","P5-2",1.2,"Raccoon","Initial","M","Adult",0,"","",NA,"0",0,2018,"Rhodamine","Spring","P5","75","0.5",-0.94954574396804,-0.872940678245864,"P5_Spring ",1
"519",519,102,"102_43181","P1","Pine","P1-2","3/22/2018","Spring 2018","P1_Spring 2018","P1-2",4.5,"Raccoon","Initial","F","Juvenile",0,"","",NA,"0",0,2018,"Rhodamine","Spring","P1","75","0.5",-0.736793675994594,-0.748422461350749,"P1_Spring ",5
"520",520,109,"109_43177","B4","Bottomland","B4-2","3/18/2018","Spring 2018","B4_Spring 2018","B4-2",2.1,"Raccoon","Initial","M",NA,0,"","",NA,"0",0,2018,"Rhodamine","Spring","B4","75","0.5",0.836724788118357,-0.10640290542107,"B4_Spring ",3
"521",521,112,"112_43175","B4","Bottomland","B4-2","3/16/2018","Spring 2018","B4_Spring 2018","B4-2",1.5,"Raccoon","Initial","M","Adult",0,"","",NA,"0",0,2018,"Rhodamine","Spring","B4","75","0.5",0.836724788118357,-0.10640290542107,"B4_Spring ",4
"522",522,122,"122_43176","B4","Bottomland","B4-2","3/17/2018","Spring 2018","B4_Spring 2018","B4-2",3.4,"Raccoon","Initial","M",NA,0,"","",NA,"0",0,2018,"Rhodamine","Spring","B4","75","0.5",0.836724788118357,-0.10640290542107,"B4_Spring ",4
"523",523,139,"139_43192","B3","Bottomland","B3-2","4/2/2018","Spring 2018","B3_Spring 2018","B3-2",5.4,"Raccoon","Initial","F","Adult",0,"","",NA,"0",0,2018,"Rhodamine","Spring","B3","75","0.5",-0.123348297672518,0.253585545529095,"B3_Spring ",7
"524",524,144,"144_43216","B1","Bottomland","B1-2","4/26/2018","Spring 2018","B1_Spring 2018","B1-2",2.3,"Raccoon","Initial","F","Juvenile",0,"","",NA,"0",0,2018,"Rhodamine","Spring","B1","75","0.5",-0.467244995759304,-0.34686986215249,"B1_Spring ",3
"525",525,145,"145_43217","W6","Wetland","W6-2","4/27/2018","Spring 2018","W6_Spring 2018","W6-2",4.1,"Raccoon","Initial","F","Adult",1,"","",NA,"1",1,2018,"Rhodamine","Spring","W6","75","0.5",-0.45778183190283,-0.443434390896726,"W6_Spring ",3
"526",526,149,"149_43215","W6","Wetland","W6-2","4/25/2018","Spring 2018","W6_Spring 2018","W6-2",3.5,"Raccoon","Initial","M","Adult",0,"","",NA,"0",0,2018,"Rhodamine","Spring","W6","75","0.5",-0.45778183190283,-0.443434390896726,"W6_Spring ",3
"527",527,153,"153_43194","B2","Bottomland","B2-2","4/4/2018","Spring 2018","B2_Spring 2018","B2-2",6.4,"Raccoon","Initial","M","Adult",0,"","",NA,"0",0,2018,"Rhodamine","Spring","B2","75","0.5",1.15587645563119,0.927948619368414,"B2_Spring ",3
"528",528,159,"159_43183","P2","Pine","P2-2","3/24/2018","Spring 2018","P2_Spring 2018","P2-2",3.5,"Raccoon","Initial","F",NA,0,"","",NA,"0",0,2018,"Rhodamine","Spring","P2","75","0.5",-0.997424220418293,-0.38304814185324,"P2_Spring ",3
"529",529,171,"171_43198","B2","Bottomland","B2-2","4/8/2018","Spring 2018","B2_Spring 2018","B2-2",3.4,"Raccoon","Initial","M","Juvenile",1,"","",NA,"1",1,2018,"Rhodamine","Spring","B2","75","0.5",1.15587645563119,0.927948619368414,"B2_Spring ",2
"530",530,186,"186_43215","B1","Bottomland","B1-2","4/25/2018","Spring 2018","B1_Spring 2018","B1-2",6.1,"Raccoon","Initial","M",NA,0,"","",NA,"0",0,2018,"Rhodamine","Spring","B1","75","0.5",-0.467244995759304,-0.34686986215249,"B1_Spring ",4
"531",531,208,"208_43175","B4","Bottomland","B4-2","3/16/2018","Spring 2018","B4_Spring 2018","B4-2",2.1,"Raccoon","Initial","M",NA,1,"","",NA,"1",1,2018,"Rhodamine","Spring","B4","75","0.5",0.836724788118357,-0.10640290542107,"B4_Spring ",12
"532",532,216,"216_43194","R3","Riparian","R3-2","4/4/2018","Spring 2018","R3_Spring 2018","R3-2",5.3,"Raccoon","Initial","F",NA,0,"","",NA,"0",0,2018,"Rhodamine","Spring","R3","75","0.5",0.114837146635641,-0.26891236366577,"R3_Spring ",3
"533",533,217,"217_43174","B4","Bottomland","B4-2","3/15/2018","Spring 2018","B4_Spring 2018","B4-2",1.4,"Raccoon","Initial","F","Adult",0,"","",NA,"0",0,2018,"Rhodamine","Spring","B4","75","0.5",0.836724788118357,-0.10640290542107,"B4_Spring ",4
"534",534,233,"233_43191","B2","Bottomland","B2-2","4/1/2018","Spring 2018","B2_Spring 2018","B2-2",7.1,"Raccoon","Initial","M",NA,0,"","",NA,"0",0,2018,"Rhodamine","Spring","B2","75","0.5",1.15587645563119,0.927948619368414,"B2_Spring ",4
"535",535,238,"238_43193","B2","Bottomland","B2-2","4/3/2018","Spring 2018","B2_Spring 2018","B2-2",5.4,"Raccoon","Initial","M","Adult",0,"","",NA,"0",0,2018,"Rhodamine","Spring","B2","75","0.5",1.15587645563119,0.927948619368414,"B2_Spring ",5
"536",536,245,"245_43212","W6","Wetland","W6-2","4/22/2018","Spring 2018","W6_Spring 2018","W6-2",4.5,"Raccoon","Initial","M","Juvenile",0,"","",NA,"0",0,2018,"Rhodamine","Spring","W6","75","0.5",-0.45778183190283,-0.443434390896726,"W6_Spring ",4
"537",537,246,"246_43218","B1","Bottomland","B1-2","4/28/2018","Spring 2018","B1_Spring 2018","B1-2",4.3,"Raccoon","Initial","M",NA,0,"","",NA,"0",0,2018,"Rhodamine","Spring","B1","75","0.5",-0.467244995759304,-0.34686986215249,"B1_Spring ",10
"538",538,247,"247_43220","W6","Wetland","W6-2","4/30/2018","Spring 2018","W6_Spring 2018","W6-2",5.3,"Raccoon","Initial","M","Adult",0,"","",NA,"0",0,2018,"Rhodamine","Spring","W6","75","0.5",-0.45778183190283,-0.443434390896726,"W6_Spring ",3
"539",539,259,"259_43175","B5","Bottomland","B5-2","3/16/2018","Spring 2018","B5_Spring 2018","B5-2",2.1,"Raccoon","Initial","M",NA,0,"","",NA,"0",0,2018,"Rhodamine","Spring","B5","75","0.5",0.259340105708829,-0.467007543430512,"B5_Spring ",6
"541",541,304,"304_43180","P1","Pine","P1-2","3/21/2018","Spring 2018","P1_Spring 2018","P1-2",4.5,"Raccoon","Initial","M",NA,1,"","",NA,"1",1,2018,"Rhodamine","Spring","P1","75","0.5",-0.736793675994594,-0.748422461350749,"P1_Spring ",4
"543",543,306,"306_43178","P1","Pine","P1-2","3/19/2018","Spring 2018","P1_Spring 2018","P1-2",2.5,"Raccoon","Initial","F",NA,1,"","",NA,"1",1,2018,"Rhodamine","Spring","P1","75","0.5",-0.736793675994594,-0.748422461350749,"P1_Spring ",7
"544",544,307,"307_43174","B4","Bottomland","B4-2","3/15/2018","Spring 2018","B4_Spring 2018","B4-2",1.5,"Raccoon","Initial","M","Adult",1,"","",NA,"1",1,2018,"Rhodamine","Spring","B4","75","0.5",0.836724788118357,-0.10640290542107,"B4_Spring ",4
"545",545,308,"308_43178","B4","Bottomland","B4-2","3/19/2018","Spring 2018","B4_Spring 2018","B4-2",3.1,"Raccoon","Initial","M",NA,0,"","",NA,"0",0,2018,"Rhodamine","Spring","B4","75","0.5",0.836724788118357,-0.10640290542107,"B4_Spring ",2
"548",548,327,"327_43193","W2","Wetland","W2-2","4/3/2018","Spring 2018","W2_Spring 2018","W2-2",1.5,"Raccoon","Initial","M",NA,1,"","",NA,"1",1,2018,"Rhodamine","Spring","W2","75","0.5",-0.830107899925121,-0.358940736703237,"W2_Spring ",2
"549",549,341,"341_43216","W5","Wetland","W5-2","4/26/2018","Spring 2018","W5_Spring 2018","W5-2",3.2,"Raccoon","Initial","M",NA,1,"","",NA,"1",1,2018,"Rhodamine","Spring","W5","75","0.5",-0.412348253919155,-0.907814010153179,"W5_Spring ",3
"550",550,349,"349_43214","W3","Wetland","W3-2","4/24/2018","Spring 2018","W3_Spring 2018","W3-2",4.5,"Raccoon","Initial","M",NA,0,"","",NA,"0",0,2018,"Rhodamine","Spring","W3","75","0.5",-0.882766170070536,-0.999514703823067,"W3_Spring ",2
"551",551,351,"351_43174","B4","Bottomland","B4-2","3/15/2018","Spring 2018","B4_Spring 2018","B4-2",5.5,"Raccoon","Initial","M","Juvenile",0,"","",NA,"0",0,2018,"Rhodamine","Spring","B4","75","0.5",0.836724788118357,-0.10640290542107,"B4_Spring ",1
"552",552,352,"352_43174","P1","Pine","P1-2","3/15/2018","Spring 2018","P1_Spring 2018","P1-2",1.1,"Raccoon","Initial","F","Juvenile",0,"","",NA,"0",0,2018,"Rhodamine","Spring","P1","75","0.5",-0.736793675994594,-0.748422461350749,"P1_Spring ",3
"553",553,353,"353_43175","B6","Bottomland","B6-2","3/16/2018","Spring 2018","B6_Spring 2018","B6-2",1.5,"Raccoon","Initial","M","Juvenile",0,"","",NA,"0",0,2018,"Rhodamine","Spring","B6","75","0.5",-0.0359836122538214,-0.00196946003751243,"B6_Spring ",2
"556",556,356,"356_43180","B6","Bottomland","B6-2","3/21/2018","Spring 2018","B6_Spring 2018","B6-2",5.2,"Raccoon","Initial","M","Juvenile",0,"","",NA,"0",0,2018,"Rhodamine","Spring","B6","75","0.5",-0.0359836122538214,-0.00196946003751243,"B6_Spring ",1
"557",557,357,"357_43181","B5","Bottomland","B5-2","3/22/2018","Spring 2018","B5_Spring 2018","B5-2",3.4,"Raccoon","Initial","M","Adult",0,"","",NA,"0",0,2018,"Rhodamine","Spring","B5","75","0.5",0.259340105708829,-0.467007543430512,"B5_Spring ",1
"558",558,358,"358_43182","B5","Bottomland","B5-2","3/23/2018","Spring 2018","B5_Spring 2018","B5-2",3.4,"Raccoon","Initial","M","Adult",0,"","",NA,"0",0,2018,"Rhodamine","Spring","B5","75","0.5",0.259340105708829,-0.467007543430512,"B5_Spring ",1
"559",559,359,"359_43182","B4","Bottomland","B4-2","3/23/2018","Spring 2018","B4_Spring 2018","B4-2",5.5,"Raccoon","Initial","M","Adult",0,"","",NA,"0",0,2018,"Rhodamine","Spring","B4","75","0.5",0.836724788118357,-0.10640290542107,"B4_Spring ",1
"561",561,361,"361_43183","B6","Bottomland","B6-2","3/24/2018","Spring 2018","B6_Spring 2018","B6-2",4.1,"Raccoon","Initial","M","Adult",1,"","",NA,"1",1,2018,"Rhodamine","Spring","B6","75","0.5",-0.0359836122538214,-0.00196946003751243,"B6_Spring ",1
"562",562,362,"362_43191","B3","Bottomland","B3-2","4/1/2018","Spring 2018","B3_Spring 2018","B3-2",3.1,"Raccoon","Initial","M","Juvenile",0,"","",NA,"0",0,2018,"Rhodamine","Spring","B3","75","0.5",-0.123348297672518,0.253585545529095,"B3_Spring ",1
"563",563,363,"363_43193","B2","Bottomland","B2-2","4/3/2018","Spring 2018","B2_Spring 2018","B2-2",7.1,"Raccoon","Initial","M","Juvenile",0,"","",NA,"0",0,2018,"Rhodamine","Spring","B2","75","0.5",1.15587645563119,0.927948619368414,"B2_Spring ",1
"564",564,364,"364_43194","B2","Bottomland","B2-2","4/4/2018","Spring 2018","B2_Spring 2018","B2-2",6.1,"Raccoon","Initial","M","Adult",1,"","",NA,"1",1,2018,"Rhodamine","Spring","B2","75","0.5",1.15587645563119,0.927948619368414,"B2_Spring ",1
"566",566,366,"366_43194","P4","Pine","P4-2","4/4/2018","Spring 2018","P4_Spring 2018","P4-2",3.2,"Raccoon","Initial","M","Juvenile",1,"","",NA,"1",1,2018,"Rhodamine","Spring","P4","75","0.5",-0.816217851551863,-0.947937386985461,"P4_Spring ",2
"567",567,367,"367_43196","R3","Riparian","R3-2","4/6/2018","Spring 2018","R3_Spring 2018","R3-2",1.5,"Raccoon","Initial","M","Adult",0,"","",NA,"0",0,2018,"Rhodamine","Spring","R3","75","0.5",0.114837146635641,-0.26891236366577,"R3_Spring ",1
"568",568,368,"368_43196","R3","Riparian","R3-2","4/6/2018","Spring 2018","R3_Spring 2018","R3-2",5.1,"Raccoon","Initial","M","Adult",0,"","",NA,"0",0,2018,"Rhodamine","Spring","R3","75","0.5",0.114837146635641,-0.26891236366577,"R3_Spring ",1
"569",569,369,"369_43196","P3","Pine","P3-2","4/6/2018","Spring 2018","P3_Spring 2018","P3-2",5.1,"Raccoon","Initial","M","Adult",0,"","",NA,"0",0,2018,"Rhodamine","Spring","P3","75","0.5",-0.945917040512127,-0.777548236902218,"P3_Spring ",1
"572",572,372,"372_43212","P6","Pine","P6-2","4/22/2018","Spring 2018","P6_Spring 2018","P6-2",5.4,"Raccoon","Initial","M","Juvenile",1,"","",NA,"1",1,2018,"Rhodamine","Spring","P6","75","0.5",-0.654393588806012,-0.549200210296896,"P6_Spring ",2
"573",573,373,"373_43213","W5","Wetland","W5-2","4/23/2018","Spring 2018","W5_Spring 2018","W5-2",3.3,"Raccoon","Initial","M","Juvenile",0,"","",NA,"0",0,2018,"Rhodamine","Spring","W5","75","0.5",-0.412348253919155,-0.907814010153179,"W5_Spring ",2
"574",574,374,"374_43214","P6","Pine","P6-2","4/24/2018","Spring 2018","P6_Spring 2018","P6-2",5.1,"Raccoon","Initial","M","Juvenile",1,"","",NA,"1",1,2018,"Rhodamine","Spring","P6","75","0.5",-0.654393588806012,-0.549200210296896,"P6_Spring ",1
"576",576,380,"380_43215","P6","Pine","P6-2","4/25/2018","Spring 2018","P6_Spring 2018","P6-2",6.4,"Raccoon","Initial","F","Juvenile",0,"","",NA,"0",0,2018,"Rhodamine","Spring","P6","75","0.5",-0.654393588806012,-0.549200210296896,"P6_Spring ",1
"578",578,382,"382_43218","P6","Pine","P6-2","4/28/2018","Spring 2018","P6_Spring 2018","P6-2",1.2,"Raccoon","Initial","M","Juvenile",1,"","",NA,"1",1,2018,"Rhodamine","Spring","P6","75","0.5",-0.654393588806012,-0.549200210296896,"P6_Spring ",1
"579",579,383,"383_43219","W5","Wetland","W5-2","4/29/2018","Spring 2018","W5_Spring 2018","W5-2",5.4,"Raccoon","Initial","M","Juvenile",0,"","",NA,"0",0,2018,"Rhodamine","Spring","W5","75","0.5",-0.412348253919155,-0.907814010153179,"W5_Spring ",1
"580",580,384,"384_43220","W6","Wetland","W6-2","4/30/2018","Spring 2018","W6_Spring 2018","W6-2",4.1,"Raccoon","Initial","M","Adult",0,"","",NA,"0",0,2018,"Rhodamine","Spring","W6","75","0.5",-0.45778183190283,-0.443434390896726,"W6_Spring ",2
"582",582,404,"404_43174","B4","Bottomland","B4-2","3/15/2018","Spring 2018","B4_Spring 2018","B4-2",4.3,"Raccoon","Initial","M",NA,0,"","",NA,"0",0,2018,"Rhodamine","Spring","B4","75","0.5",0.836724788118357,-0.10640290542107,"B4_Spring ",4
"583",583,406,"406_43180","P1","Pine","P1-2","3/21/2018","Spring 2018","P1_Spring 2018","P1-2",2.3,"Raccoon","Initial","M",NA,1,"","",NA,"1",1,2018,"Rhodamine","Spring","P1","75","0.5",-0.736793675994594,-0.748422461350749,"P1_Spring ",2
"584",584,409,"409_43181","R4","Riparian","R4-2","3/22/2018","Spring 2018","R4_Spring 2018","R4-2",2.5,"Raccoon","Initial","F",NA,0,"","",NA,"0",0,2018,"Rhodamine","Spring","R4","75","0.5",1.03715075307207,-0.170708554591531,"R4_Spring ",4
"585",585,414,"414_43176","B4","Bottomland","B4-2","3/17/2018","Spring 2018","B4_Spring 2018","B4-2",2.1,"Raccoon","Initial","M",NA,0,"","",NA,"0",0,2018,"Rhodamine","Spring","B4","75","0.5",0.836724788118357,-0.10640290542107,"B4_Spring ",3
"586",586,417,"417_43180","R4","Riparian","R4-2","3/21/2018","Spring 2018","R4_Spring 2018","R4-2",4.2,"Raccoon","Initial","M",NA,0,"","",NA,"0",0,2018,"Rhodamine","Spring","R4","75","0.5",1.03715075307207,-0.170708554591531,"R4_Spring ",2
"587",587,423,"423_43178","B6","Bottomland","B6-2","3/19/2018","Spring 2018","B6_Spring 2018","B6-2",2.1,"Raccoon","Initial","M",NA,0,"","",NA,"0",0,2018,"Rhodamine","Spring","B6","75","0.5",-0.0359836122538214,-0.00196946003751243,"B6_Spring ",2
"588",588,424,"424_43179","B6","Bottomland","B6-2","3/20/2018","Spring 2018","B6_Spring 2018","B6-2",1.3,"Raccoon","Initial","M",NA,0,"","",NA,"0",0,2018,"Rhodamine","Spring","B6","75","0.5",-0.0359836122538214,-0.00196946003751243,"B6_Spring ",2
"589",589,427,"427_43174","B5","Bottomland","B5-2","3/15/2018","Spring 2018","B5_Spring 2018","B5-2",3.2,"Raccoon","Initial","M",NA,1,"","",NA,"1",1,2018,"Rhodamine","Spring","B5","75","0.5",0.259340105708829,-0.467007543430512,"B5_Spring ",3
"590",590,431,"431_43179","B5","Bottomland","B5-2","3/20/2018","Spring 2018","B5_Spring 2018","B5-2",4.5,"Raccoon","Initial","M",NA,0,"","",NA,"0",0,2018,"Rhodamine","Spring","B5","75","0.5",0.259340105708829,-0.467007543430512,"B5_Spring ",2
"591",591,432,"432_43180","P1","Pine","P1-2","3/21/2018","Spring 2018","P1_Spring 2018","P1-2",2.2,"Raccoon","Initial","F",NA,0,"","",NA,"0",0,2018,"Rhodamine","Spring","P1","75","0.5",-0.736793675994594,-0.748422461350749,"P1_Spring ",2
"593",593,442,"442_43174","B5","Bottomland","B5-2","3/15/2018","Spring 2018","B5_Spring 2018","B5-2",5.1,"Raccoon","Initial","M",NA,0,"","",NA,"0",0,2018,"Rhodamine","Spring","B5","75","0.5",0.259340105708829,-0.467007543430512,"B5_Spring ",3
"594",594,446,"446_43198","B3","Bottomland","B3-2","4/8/2018","Spring 2018","B3_Spring 2018","B3-2",3.1,"Raccoon","Initial","M",NA,0,"","",NA,"0",0,2018,"Rhodamine","Spring","B3","75","0.5",-0.123348297672518,0.253585545529095,"B3_Spring ",2
"595",595,452,"452_43178","P2","Pine","P2-2","3/19/2018","Spring 2018","P2_Spring 2018","P2-2",4.4,"Raccoon","Initial","M",NA,0,"","",NA,"0",0,2018,"Rhodamine","Spring","P2","75","0.5",-0.997424220418293,-0.38304814185324,"P2_Spring ",3
"597",597,456,"456_43194","R3","Riparian","R3-2","4/4/2018","Spring 2018","R3_Spring 2018","R3-2",5.1,"Raccoon","Initial","M",NA,1,"","",NA,"1",1,2018,"Rhodamine","Spring","R3","75","0.5",0.114837146635641,-0.26891236366577,"R3_Spring ",3
"598",598,457,"457_43192","R3","Riparian","R3-2","4/2/2018","Spring 2018","R3_Spring 2018","R3-2",3.3,"Raccoon","Initial","M",NA,0,"","",NA,"0",0,2018,"Rhodamine","Spring","R3","75","0.5",0.114837146635641,-0.26891236366577,"R3_Spring ",4
"599",599,458,"458_43217","B1","Bottomland","B1-2","4/27/2018","Spring 2018","B1_Spring 2018","B1-2",5.2,"Raccoon","Initial","M",NA,0,"","",NA,"0",0,2018,"Rhodamine","Spring","B1","75","0.5",-0.467244995759304,-0.34686986215249,"B1_Spring ",4
"600",600,470,"470_43174","R4","Riparian","R4-2","3/15/2018","Spring 2018","R4_Spring 2018","R4-2",3.1,"Raccoon","Initial","M","Juvenile",0,"","",NA,"0",0,2018,"Rhodamine","Spring","R4","75","0.5",1.03715075307207,-0.170708554591531,"R4_Spring ",1
"601",601,471,"471_43213","P5","Pine","P5-2","4/23/2018","Spring 2018","P5_Spring 2018","P5-2",4.2,"Raccoon","Initial","M","Adult",0,"","",NA,"0",0,2018,"Rhodamine","Spring","P5","75","0.5",-0.94954574396804,-0.872940678245864,"P5_Spring ",2
"602",602,472,"472_43174","R2","Riparian","R2-2","3/15/2018","Spring 2018","R2_Spring 2018","R2-2",2.2,"Raccoon","Initial","M","Adult",1,"","",NA,"1",1,2018,"Rhodamine","Spring","R2","75","0.5",0.0410747090855862,0.19997982050451,"R2_Spring ",1
"603",603,473,"473_43175","P2","Pine","P2-2","3/16/2018","Spring 2018","P2_Spring 2018","P2-2",2.2,"Raccoon","Initial","M","Juvenile",0,"","",NA,"0",0,2018,"Rhodamine","Spring","P2","75","0.5",-0.997424220418293,-0.38304814185324,"P2_Spring ",2
"604",604,474,"474_43177","R4","Riparian","R4-2","3/18/2018","Spring 2018","R4_Spring 2018","R4-2",3.1,"Raccoon","Initial","M","Adult",0,"","",NA,"0",0,2018,"Rhodamine","Spring","R4","75","0.5",1.03715075307207,-0.170708554591531,"R4_Spring ",1
"606",606,476,"476_43177","P2","Pine","P2-2","3/18/2018","Spring 2018","P2_Spring 2018","P2-2",3.1,"Raccoon","Initial","M","Juvenile",1,"","",NA,"1",1,2018,"Rhodamine","Spring","P2","75","0.5",-0.997424220418293,-0.38304814185324,"P2_Spring ",1
"607",607,477,"477_43181","W1","Wetland","W1-2","3/22/2018","Spring 2018","W1_Spring 2018","W1-2",3.3,"Raccoon","Initial","M","Juvenile",0,"","",NA,"0",0,2018,"Rhodamine","Spring","W1","75","0.5",-0.447714837891408,-0.547806915027724,"W1_Spring ",1
"608",608,478,"478_43183","B4","Bottomland","B4-2","3/24/2018","Spring 2018","B4_Spring 2018","B4-2",2.2,"Raccoon","Initial","M","Juvenile",0,"","",NA,"0",0,2018,"Rhodamine","Spring","B4","75","0.5",0.836724788118357,-0.10640290542107,"B4_Spring ",1
"609",609,481,"481_43191","B3","Bottomland","B3-2","4/1/2018","Spring 2018","B3_Spring 2018","B3-2",5.4,"Raccoon","Initial","M","Juvenile",0,"","",NA,"0",0,2018,"Rhodamine","Spring","B3","75","0.5",-0.123348297672518,0.253585545529095,"B3_Spring ",2
"610",610,482,"482_43196","B2","Bottomland","B2-2","4/6/2018","Spring 2018","B2_Spring 2018","B2-2",5.4,"Raccoon","Initial","F","Juvenile",0,"","",NA,"0",0,2018,"Rhodamine","Spring","B2","75","0.5",1.15587645563119,0.927948619368414,"B2_Spring ",7
"615",615,487,"487_43213","P6","Pine","P6-2","4/23/2018","Spring 2018","P6_Spring 2018","P6-2",1.2,"Raccoon","Initial","M","Adult",0,"","",NA,"0",0,2018,"Rhodamine","Spring","P6","75","0.5",-0.654393588806012,-0.549200210296896,"P6_Spring ",2
"616",616,488,"488_43214","P6","Pine","P6-2","4/24/2018","Spring 2018","P6_Spring 2018","P6-2",5.3,"Raccoon","Initial","F","Juvenile",0,"","",NA,"0",0,2018,"Rhodamine","Spring","P6","75","0.5",-0.654393588806012,-0.549200210296896,"P6_Spring ",4
"617",617,489,"489_43214","W5","Wetland","W5-2","4/24/2018","Spring 2018","W5_Spring 2018","W5-2",5.1,"Raccoon","Initial","M","Juvenile",0,"","",NA,"0",0,2018,"Rhodamine","Spring","W5","75","0.5",-0.412348253919155,-0.907814010153179,"W5_Spring ",1
"618",618,490,"490_43215","B1","Bottomland","B1-2","4/25/2018","Spring 2018","B1_Spring 2018","B1-2",2.3,"Raccoon","Initial","M","Juvenile",0,"","",NA,"0",0,2018,"Rhodamine","Spring","B1","75","0.5",-0.467244995759304,-0.34686986215249,"B1_Spring ",1
"620",620,492,"492_43216","W5","Wetland","W5-2","4/26/2018","Spring 2018","W5_Spring 2018","W5-2",4.4,"Raccoon","Initial","M","Adult",0,"","",NA,"0",0,2018,"Rhodamine","Spring","W5","75","0.5",-0.412348253919155,-0.907814010153179,"W5_Spring ",1
"623",623,495,"495_43220","W6","Wetland","W6-2","4/30/2018","Spring 2018","W6_Spring 2018","W6-2",5.5,"Raccoon","Initial","F","Adult",0,"","",NA,"0",0,2018,"Rhodamine","Spring","W6","75","0.5",-0.45778183190283,-0.443434390896726,"W6_Spring ",1
"624",624,496,"496_43221","W5","Wetland","W5-2","5/1/2018","Spring 2018","W5_Spring 2018","W5-2",4.2,"Raccoon","Initial","M","Adult",0,"","",NA,"0",0,2018,"Rhodamine","Spring","W5","75","0.5",-0.412348253919155,-0.907814010153179,"W5_Spring ",1
"625",625,25,"25_43542","W2","Wetland","W2-2","3/18/2019","Spring 2019","W2_Spring 2019","W2-2",3.3,"Raccoon","Initial","M","Adult",0,"","",NA,"0",0,2019,"Rhodamine","Spring","W2","75","0.5",-0.830107899925121,-0.358940736703237,"W2_Spring ",4
"626",626,27,"27_43540","W2","Wetland","W2-2","3/16/2019","Spring 2019","W2_Spring 2019","W2-2",3.4,"Raccoon","Initial","M","Adult",0,"","",NA,"0",0,2019,"Rhodamine","Spring","W2","75","0.5",-0.830107899925121,-0.358940736703237,"W2_Spring ",4
"627",627,36,"36_43540","B1","Bottomland","B1-2","3/16/2019","Spring 2019","B1_Spring 2019","B1-2",3.1,"Raccoon","Initial","M","Juvenile",1,"","",NA,"1",1,2019,"Rhodamine","Spring","B1","75","0.5",-0.467244995759304,-0.34686986215249,"B1_Spring ",7
"629",629,56,"56_43583","R3","Riparian","R3-2","4/28/2019","Spring 2019","R3_Spring 2019","R3-2",1.4,"Raccoon","Initial","M","Adult",1,"","",NA,"1",1,2019,"Rhodamine","Spring","R3","75","0.5",0.114837146635641,-0.26891236366577,"R3_Spring ",5
"630",630,64,"64_43565","W5","Wetland","W5-2","4/10/2019","Spring 2019","W5_Spring 2019","W5-2",5.2,"Raccoon","Initial","M","Juvenile",0,"","",NA,"0",0,2019,"Rhodamine","Spring","W5","75","0.5",-0.412348253919155,-0.907814010153179,"W5_Spring ",3
"632",632,123,"123_43584","P2","Pine","P2-2","4/29/2019","Spring 2019","P2_Spring 2019","P2-2",5.5,"Raccoon","Initial","F","Adult",0,"","",NA,"0",0,2019,"Rhodamine","Spring","P2","75","0.5",-0.997424220418293,-0.38304814185324,"P2_Spring ",3
"633",633,165,"165_43541","B2","Bottomland","B2-2","3/17/2019","Spring 2019","B2_Spring 2019","B2-2",6.4,"Raccoon","Initial","F","Juvenile",0,"","",NA,"0",0,2019,"Rhodamine","Spring","B2","75","0.5",1.15587645563119,0.927948619368414,"B2_Spring ",2
"634",634,166,"166_43537","B2","Bottomland","B2-2","3/13/2019","Spring 2019","B2_Spring 2019","B2-2",5.4,"Raccoon","Initial","M","Adult",0,"","",NA,"0",0,2019,"Rhodamine","Spring","B2","75","0.5",1.15587645563119,0.927948619368414,"B2_Spring ",10
"635",635,180,"180_43565","P4","Pine","P4-2","4/10/2019","Spring 2019","P4_Spring 2019","P4-2",2.5,"Raccoon","Initial","M","Adult",0,"","",NA,"0",0,2019,"Rhodamine","Spring","P4","75","0.5",-0.816217851551863,-0.947937386985461,"P4_Spring ",2
"636",636,238,"238_43546","B2","Bottomland","B2-2","3/22/2019","Spring 2019","B2_Spring 2019","B2-2",6.1,"Raccoon","Initial","M","Adult",0,"","",NA,"0",0,2019,"Rhodamine","Spring","B2","75","0.5",1.15587645563119,0.927948619368414,"B2_Spring ",5
"637",637,275,"275_43542","W2","Wetland","W2-2","3/18/2019","Spring 2019","W2_Spring 2019","W2-2",4.4,"Raccoon","Initial","F","Adult",0,"","",NA,"0",0,2019,"Rhodamine","Spring","W2","75","0.5",-0.830107899925121,-0.358940736703237,"W2_Spring ",5
"638",638,277,"277_43564","P4","Pine","P4-2","4/9/2019","Spring 2019","P4_Spring 2019","P4-2",5.2,"Raccoon","Initial","M","Adult",0,"","",NA,"0",0,2019,"Rhodamine","Spring","P4","75","0.5",-0.816217851551863,-0.947937386985461,"P4_Spring ",7
"639",639,281,"281_43544","W2","Wetland","W2-2","3/20/2019","Spring 2019","W2_Spring 2019","W2-2",4.4,"Raccoon","Initial","F","Adult",0,"","",NA,"0",0,2019,"Rhodamine","Spring","W2","75","0.5",-0.830107899925121,-0.358940736703237,"W2_Spring ",3
"640",640,330,"330_43570","P3","Pine","P3-2","4/15/2019","Spring 2019","P3_Spring 2019","P3-2",1.2,"Raccoon","Initial","F","Juvenile",0,"","",NA,"0",0,2019,"Rhodamine","Spring","P3","75","0.5",-0.945917040512127,-0.777548236902218,"P3_Spring ",2
"641",641,341,"341_43569","W5","Wetland","W5-2","4/14/2019","Spring 2019","W5_Spring 2019","W5-2",1.5,"Raccoon","Initial","M","Adult",0,"","",NA,"0",0,2019,"Rhodamine","Spring","W5","75","0.5",-0.412348253919155,-0.907814010153179,"W5_Spring ",3
"642",642,427,"427_43566","B5","Bottomland","B5-2","4/11/2019","Spring 2019","B5_Spring 2019","B5-2",2.5,"Raccoon","Initial","M","Juvenile",0,"","",NA,"0",0,2019,"Rhodamine","Spring","B5","75","0.5",0.259340105708829,-0.467007543430512,"B5_Spring ",3
"643",643,442,"442_43572","B5","Bottomland","B5-2","4/17/2019","Spring 2019","B5_Spring 2019","B5-2",5.4,"Raccoon","Initial","M","Adult",0,"","",NA,"0",0,2019,"Rhodamine","Spring","B5","75","0.5",0.259340105708829,-0.467007543430512,"B5_Spring ",3
"644",644,461,"461_43583","P2","Pine","P2-2","4/28/2019","Spring 2019","P2_Spring 2019","P2-2",2.1,"Raccoon","Initial","F","Adult",0,"","",NA,"0",0,2019,"Rhodamine","Spring","P2","75","0.5",-0.997424220418293,-0.38304814185324,"P2_Spring ",2
"645",645,509,"509_43567","W6","Wetland","W6-2","4/12/2019","Spring 2019","W6_Spring 2019","W6-2",5.4,"Raccoon","Initial","M","Adult",0,"","",NA,"0",0,2019,"Rhodamine","Spring","W6","75","0.5",-0.45778183190283,-0.443434390896726,"W6_Spring ",2
"646",646,514,"514_43568","W5","Wetland","W5-2","4/13/2019","Spring 2019","W5_Spring 2019","W5-2",3.5,"Raccoon","Initial","M","Juvenile",0,"","",NA,"0",0,2019,"Rhodamine","Spring","W5","75","0.5",-0.412348253919155,-0.907814010153179,"W5_Spring ",2
"647",647,517,"517_43579","P1","Pine","P1-2","4/24/2019","Spring 2019","P1_Spring 2019","P1-2",1.2,"Raccoon","Initial","M","Adult",0,"","",NA,"0",0,2019,"Rhodamine","Spring","P1","75","0.5",-0.736793675994594,-0.748422461350749,"P1_Spring ",2
"648",648,521,"521_43579","R2","Riparian","R2-2","4/24/2019","Spring 2019","R2_Spring 2019","R2-2",4.1,"Raccoon","Initial","M","Adult",1,"","",NA,"1",1,2019,"Rhodamine","Spring","R2","75","0.5",0.0410747090855862,0.19997982050451,"R2_Spring ",4
"649",649,524,"524_43583","R3","Riparian","R3-2","4/28/2019","Spring 2019","R3_Spring 2019","R3-2",5.5,"Raccoon","Initial","M","Adult",0,"","",NA,"0",0,2019,"Rhodamine","Spring","R3","75","0.5",0.114837146635641,-0.26891236366577,"R3_Spring ",4
"650",650,530,"530_43538","B2","Bottomland","B2-2","3/14/2019","Spring 2019","B2_Spring 2019","B2-2",6.3,"Raccoon","Initial","M","Juvenile",1,"","",NA,"1",1,2019,"Rhodamine","Spring","B2","75","0.5",1.15587645563119,0.927948619368414,"B2_Spring ",7
"651",651,537,"537_43537","B2","Bottomland","B2-2","3/13/2019","Spring 2019","B2_Spring 2019","B2-2",2.4,"Raccoon","Initial","M","Juvenile",1,"","",NA,"1",1,2019,"Rhodamine","Spring","B2","75","0.5",1.15587645563119,0.927948619368414,"B2_Spring ",6
"652",652,538,"538_43540","B2","Bottomland","B2-2","3/16/2019","Spring 2019","B2_Spring 2019","B2-2",3.4,"Raccoon","Initial","M","Adult",1,"","",NA,"1",1,2019,"Rhodamine","Spring","B2","75","0.5",1.15587645563119,0.927948619368414,"B2_Spring ",4
"653",653,547,"547_43539","B2","Bottomland","B2-2","3/15/2019","Spring 2019","B2_Spring 2019","B2-2",3.2,"Raccoon","Initial","M","Juvenile",0,"","",NA,"0",0,2019,"Rhodamine","Spring","B2","75","0.5",1.15587645563119,0.927948619368414,"B2_Spring ",2
"654",654,557,"557_43537","P6","Pine","P6-2","3/13/2019","Spring 2019","P6_Spring 2019","P6-2",2.4,"Raccoon","Initial","M","Juvenile",1,"","",NA,"1",1,2019,"Rhodamine","Spring","P6","75","0.5",-0.654393588806012,-0.549200210296896,"P6_Spring ",11
"655",655,560,"560_43538","P5","Pine","P5-2","3/14/2019","Spring 2019","P5_Spring 2019","P5-2",2.5,"Raccoon","Initial","M","Adult",0,"","",NA,"0",0,2019,"Rhodamine","Spring","P5","75","0.5",-0.94954574396804,-0.872940678245864,"P5_Spring ",6
"656",656,565,"565_43546","B1","Bottomland","B1-2","3/22/2019","Spring 2019","B1_Spring 2019","B1-2",2.3,"Raccoon","Initial","M","Adult",0,"","",NA,"0",0,2019,"Rhodamine","Spring","B1","75","0.5",-0.467244995759304,-0.34686986215249,"B1_Spring ",2
"657",657,566,"566_43569","W6","Wetland","W6-2","4/14/2019","Spring 2019","W6_Spring 2019","W6-2",5.3,"Raccoon","Initial","M","Adult",1,"","",NA,"1",1,2019,"Rhodamine","Spring","W6","75","0.5",-0.45778183190283,-0.443434390896726,"W6_Spring ",3
"658",658,569,"569_43566","W6","Wetland","W6-2","4/11/2019","Spring 2019","W6_Spring 2019","W6-2",2.5,"Raccoon","Initial","M","Adult",1,"","",NA,"1",1,2019,"Rhodamine","Spring","W6","75","0.5",-0.45778183190283,-0.443434390896726,"W6_Spring ",3
"661",661,583,"583_43579","R2","Riparian","R2-2","4/24/2019","Spring 2019","R2_Spring 2019","R2-2",2.5,"Raccoon","Initial","M","Adult",1,"","",NA,"1",1,2019,"Rhodamine","Spring","R2","75","0.5",0.0410747090855862,0.19997982050451,"R2_Spring ",7
"662",662,590,"590_43580","B3","Bottomland","B3-2","4/25/2019","Spring 2019","B3_Spring 2019","B3-2",2.4,"Raccoon","Initial","M","Juvenile",0,"","",NA,"0",0,2019,"Rhodamine","Spring","B3","75","0.5",-0.123348297672518,0.253585545529095,"B3_Spring ",4
"663",663,591,"591_43586","R2","Riparian","R2-2","5/1/2019","Spring 2019","R2_Spring 2019","R2-2",1.3,"Raccoon","Initial","M","Juvenile",0,"","",NA,"0",0,2019,"Rhodamine","Spring","R2","75","0.5",0.0410747090855862,0.19997982050451,"R2_Spring ",3
"664",664,593,"593_43584","B3","Bottomland","B3-2","4/29/2019","Spring 2019","B3_Spring 2019","B3-2",7.1,"Raccoon","Initial","M","Adult",0,"","",NA,"0",0,2019,"Rhodamine","Spring","B3","75","0.5",-0.123348297672518,0.253585545529095,"B3_Spring ",2
"665",665,596,"596_43537","B2","Bottomland","B2-2","3/13/2019","Spring 2019","B2_Spring 2019","B2-2",7.1,"Raccoon","Initial","F","Juvenile",0,"","",NA,"0",0,2019,"Rhodamine","Spring","B2","75","0.5",1.15587645563119,0.927948619368414,"B2_Spring ",1
"666",666,597,"597_43541","B2","Bottomland","B2-2","3/17/2019","Spring 2019","B2_Spring 2019","B2-2",3.1,"Raccoon","Initial","F","Adult",0,"","",NA,"0",0,2019,"Rhodamine","Spring","B2","75","0.5",1.15587645563119,0.927948619368414,"B2_Spring ",2
"667",667,617,"617_43579","R2","Riparian","R2-2","4/24/2019","Spring 2019","R2_Spring 2019","R2-2",1.5,"Raccoon","Initial","M","",0,"","",NA,"0",0,2019,"Rhodamine","Spring","R2","75","0.5",0.0410747090855862,0.19997982050451,"R2_Spring ",6
"668",668,620,"620_43538","B1","Bottomland","B1-2","3/14/2019","Spring 2019","B1_Spring 2019","B1-2",1.4,"Raccoon","Initial","F","Adult",0,"","",NA,"0",0,2019,"Rhodamine","Spring","B1","75","0.5",-0.467244995759304,-0.34686986215249,"B1_Spring ",1
"669",669,621,"621_43565","B5","Bottomland","B5-2","4/10/2019","Spring 2019","B5_Spring 2019","B5-2",1.2,"Raccoon","Initial","M","Adult",0,"","",NA,"0",0,2019,"Rhodamine","Spring","B5","75","0.5",0.259340105708829,-0.467007543430512,"B5_Spring ",1
"670",670,622,"622_43565","P4","Pine","P4-2","4/10/2019","Spring 2019","P4_Spring 2019","P4-2",1.4,"Raccoon","Initial","M","Juvenile",0,"","",NA,"0",0,2019,"Rhodamine","Spring","P4","75","0.5",-0.816217851551863,-0.947937386985461,"P4_Spring ",1
"672",672,624,"624_43566","W5","Wetland","W5-2","4/11/2019","Spring 2019","W5_Spring 2019","W5-2",5.5,"Raccoon","Initial","M","Adult",1,"","",NA,"1",1,2019,"Rhodamine","Spring","W5","75","0.5",-0.412348253919155,-0.907814010153179,"W5_Spring ",1
"676",676,628,"628_43570","R1","Riparian","R1-2","4/15/2019","Spring 2019","R1_Spring 2019","R1-2",1.5,"Raccoon","Initial","M","Juvenile",0,"","",NA,"0",0,2019,"Rhodamine","Spring","R1","75","0.5",0.0855806080558497,-0.647584111265793,"R1_Spring ",1
"678",678,630,"630_43579","R2","Riparian","R2-2","4/24/2019","Spring 2019","R2_Spring 2019","R2-2",5.2,"Raccoon","Initial","M","Adult",0,"","",NA,"0",0,2019,"Rhodamine","Spring","R2","75","0.5",0.0410747090855862,0.19997982050451,"R2_Spring ",2
"680",680,633,"633_43568","B4","Bottomland","B4-2","4/13/2019","Spring 2019","B4_Spring 2019","B4-2",5.2,"Raccoon","Initial","M","Adult",0,"","",NA,"0",0,2019,"Rhodamine","Spring","B4","75","0.5",0.836724788118357,-0.10640290542107,"B4_Spring ",1
"681",681,634,"634_43570","P4","Pine","P4-2","4/15/2019","Spring 2019","P4_Spring 2019","P4-2",5.5,"Raccoon","Initial","M","Adult",0,"","",NA,"0",0,2019,"Rhodamine","Spring","P4","75","0.5",-0.816217851551863,-0.947937386985461,"P4_Spring ",1
"682",682,635,"635_43572","W6","Wetland","W6-2","4/17/2019","Spring 2019","W6_Spring 2019","W6-2",2.2,"Raccoon","Initial","M","Adult",0,"","",NA,"0",0,2019,"Rhodamine","Spring","W6","75","0.5",-0.45778183190283,-0.443434390896726,"W6_Spring ",1
"683",683,636,"636_43579","W1","Wetland","W1-2","4/24/2019","Spring 2019","W1_Spring 2019","W1-2",1.5,"Raccoon","Initial","F","Juvenile",0,"","",NA,"0",0,2019,"Rhodamine","Spring","W1","75","0.5",-0.447714837891408,-0.547806915027724,"W1_Spring ",1
"684",684,637,"637_43580","B3","Bottomland","B3-2","4/25/2019","Spring 2019","B3_Spring 2019","B3-2",1.4,"Raccoon","Initial","M","Juvenile",0,"","",NA,"0",0,2019,"Rhodamine","Spring","B3","75","0.5",-0.123348297672518,0.253585545529095,"B3_Spring ",1
"685",685,638,"638_43580","W1","Wetland","W1-2","4/25/2019","Spring 2019","W1_Spring 2019","W1-2",4.5,"Raccoon","Initial","F","Adult",1,"","",NA,"1",1,2019,"Rhodamine","Spring","W1","75","0.5",-0.447714837891408,-0.547806915027724,"W1_Spring ",1
"686",686,639,"639_43582","B3","Bottomland","B3-2","4/27/2019","Spring 2019","B3_Spring 2019","B3-2",2.4,"Raccoon","Initial","M","Juvenile",0,"","",NA,"0",0,2019,"Rhodamine","Spring","B3","75","0.5",-0.123348297672518,0.253585545529095,"B3_Spring ",1
"687",687,640,"640_43583","P2","Pine","P2-2","4/28/2019","Spring 2019","P2_Spring 2019","P2-2",5.5,"Raccoon","Initial","F","Adult",0,"","",NA,"0",0,2019,"Rhodamine","Spring","P2","75","0.5",-0.997424220418293,-0.38304814185324,"P2_Spring ",1
"690",690,643,"643_43588","W1","Wetland","W1-2","5/3/2019","Spring 2019","W1_Spring 2019","W1-2",3.5,"Raccoon","Initial","M","Juvenile",0,"","",NA,"0",0,2019,"Rhodamine","Spring","W1","75","0.5",-0.447714837891408,-0.547806915027724,"W1_Spring ",1
"693",693,649,"649_43539","R5","Riparian","R5-2","3/15/2019","Spring 2019","R5_Spring 2019","R5-2",2.4,"Raccoon","Initial","M","Adult",0,"","",NA,"0",0,2019,"Rhodamine","Spring","R5","75","0.5",-0.754757967376632,-0.648281065627218,"R5_Spring ",1
"694",694,650,"650_43545","R5","Riparian","R5-2","3/21/2019","Spring 2019","R5_Spring 2019","R5-2",5.4,"Raccoon","Initial","M","Adult",0,"","",NA,"0",0,2019,"Rhodamine","Spring","R5","75","0.5",-0.754757967376632,-0.648281065627218,"R5_Spring ",1
"696",696,652,"652_43564","R1","Riparian","R1-2","4/9/2019","Spring 2019","R1_Spring 2019","R1-2",4.2,"Raccoon","Initial","F","Adult",0,"","",NA,"0",0,2019,"Rhodamine","Spring","R1","75","0.5",0.0855806080558497,-0.647584111265793,"R1_Spring ",1
"698",698,654,"654_43565","R1","Riparian","R1-2","4/10/2019","Spring 2019","R1_Spring 2019","R1-2",2.1,"Raccoon","Initial","M","Juvenile",1,"","",NA,"1",1,2019,"Rhodamine","Spring","R1","75","0.5",0.0855806080558497,-0.647584111265793,"R1_Spring ",1
"699",699,655,"655_43565","P3","Pine","P3-2","4/10/2019","Spring 2019","P3_Spring 2019","P3-2",1.4,"Raccoon","Initial","M","Adult",0,"","",NA,"0",0,2019,"Rhodamine","Spring","P3","75","0.5",-0.945917040512127,-0.777548236902218,"P3_Spring ",2
"700",700,656,"656_43565","P3","Pine","P3-2","4/10/2019","Spring 2019","P3_Spring 2019","P3-2",2.5,"Raccoon","Initial","M","Adult",1,"","",NA,"1",1,2019,"Rhodamine","Spring","P3","75","0.5",-0.945917040512127,-0.777548236902218,"P3_Spring ",2
"702",702,658,"658_43567","P4","Pine","P4-2","4/12/2019","Spring 2019","P4_Spring 2019","P4-2",4.2,"Raccoon","Initial","M","Juvenile",0,"","",NA,"0",0,2019,"Rhodamine","Spring","P4","75","0.5",-0.816217851551863,-0.947937386985461,"P4_Spring ",4
"704",704,660,"660_43570","B4","Bottomland","B4-2","4/15/2019","Spring 2019","B4_Spring 2019","B4-2",5.3,"Raccoon","Initial","M","Juvenile",0,"","",NA,"0",0,2019,"Rhodamine","Spring","B4","75","0.5",0.836724788118357,-0.10640290542107,"B4_Spring ",1
"705",705,661,"661_43572","B5","Bottomland","B5-2","4/17/2019","Spring 2019","B5_Spring 2019","B5-2",5.4,"Raccoon","Initial","M","Juvenile",0,"","",NA,"0",0,2019,"Rhodamine","Spring","B5","75","0.5",0.259340105708829,-0.467007543430512,"B5_Spring ",2
"706",706,662,"662_43579","P2","Pine","P2-2","4/24/2019","Spring 2019","P2_Spring 2019","P2-2",5.3,"Raccoon","Initial","M","Juvenile",1,"","",NA,"1",1,2019,"Rhodamine","Spring","P2","75","0.5",-0.997424220418293,-0.38304814185324,"P2_Spring ",3
"711",711,667,"667_43585","B3","Bottomland","B3-2","4/30/2019","Spring 2019","B3_Spring 2019","B3-2",2.4,"Raccoon","Initial","M","Juvenile",0,"","",NA,"0",0,2019,"Rhodamine","Spring","B3","75","0.5",-0.123348297672518,0.253585545529095,"B3_Spring ",1
"714",714,66,"66_44277","W3","Wetland","W3-2","3/22/2021","Spring 2021","W3_Spring 2021","W3-2",3.5,"Raccoon","Recapture","M","Adult",NA,"ND","",NA,"ND",0,2021,"Et_IPA","Spring","W3","75","3",-0.882766170070536,-0.999514703823067,"W3_Spring ",2
"716",716,416,"416_44532","R4","Riparian","R4-1","12/2/2021","Spring 2021","R4_Spring 2021","R4-1",4.4,"Raccoon","Initial","F","Adult",NA,"ND","",NA,"ND",0,2021,"Et_IPA","Spring","R4","75","3",1.03715075307207,-0.170708554591531,"R4_Spring ",1
"718",718,482,"482_44513","B2","Bottomland","B2-1","11/13/2021","Spring 2021","B2_Spring 2021","B2-1",3.4,"Raccoon","Initial","F","Juvenile",NA,"ND","",NA,"ND",0,2021,"Et_IPA","Spring","B2","75","3",1.15587645563119,0.927948619368414,"B2_Spring ",7
"724",724,587,"587_44276","W1","Wetland","W1-2","3/21/2021","Spring 2021","W1_Spring 2021","W1-2",6.3,"Raccoon","Recapture","F","Juvenile",NA,"336","",NA,"336",1,2021,"Et_IPA","Spring","W1","75","3",-0.447714837891408,-0.547806915027724,"W1_Spring ",3
"727",727,673,"673_44235","B2","Bottomland","B2-2","2/8/2021","Spring 2021","B2_Spring 2021","B2-2",6.1,"Raccoon","Recapture","M","Adult",NA,"ND","",NA,"ND",0,2021,"Et_IPA","Spring","B2","75","3",1.15587645563119,0.927948619368414,"B2_Spring ",2
"733",733,779,"779_44639","P2","Pine","P2-2","3/19/2022","Spring 2021","P2_Spring 2021","P2-2",1.2,"Raccoon","Initial","F","Juvenile",NA,"ND","",NA,"ND",0,2021,"Et_IPA","Spring","P2","75","3",-0.997424220418293,-0.38304814185324,"P2_Spring ",3
"737",737,822,"822_44256","R1","Riparian","R1-2","3/1/2021","Spring 2021","R1_Spring 2021","R1-2",1.1,"Raccoon","Initial","M","Juvenile",NA,"585","",NA,"585",1,2021,"Et_IPA","Spring","R1","75","3",0.0855806080558497,-0.647584111265793,"R1_Spring ",1
"742",742,827,"827_44257","R1","Riparian","R1-2","3/2/2021","Spring 2021","R1_Spring 2021","R1-2",5.3,"Raccoon","Initial","M","Juvenile",NA,"ND","",NA,"ND",0,2021,"Et_IPA","Spring","R1","75","3",0.0855806080558497,-0.647584111265793,"R1_Spring ",1
"746",746,831,"831_44272","W1","Wetland","W1-2","3/17/2021","Spring 2021","W1_Spring 2021","W1-2",7.4,"Raccoon","Initial","F","Adult",NA,"96.3","",NA,"96.3",1,2021,"Et_IPA","Spring","W1","75","3",-0.447714837891408,-0.547806915027724,"W1_Spring ",3
"753",753,856,"856_44629","B2","Bottomland","B2-2","3/9/2022","Spring 2021","B2_Spring 2021","B2-2",4.2,"Raccoon","Initial","M","Adult",NA,"ND","",NA,"ND",0,2021,"Et_IPA","Spring","B2","75","3",1.15587645563119,0.927948619368414,"B2_Spring ",2
"757",757,865,"865_44233","B1","Bottomland","B1-2","2/6/2021","Spring 2021","B1_Spring 2021","B1-2",4.4,"Raccoon","Initial","F","Adult",NA,"ND","",NA,"ND",0,2021,"Et_IPA","Spring","B1","75","3",-0.467244995759304,-0.34686986215249,"B1_Spring ",1
"758",758,867,"867_44234","R5","Riparian","R5-2","2/7/2021","Spring 2021","R5_Spring 2021","R5-2",4.2,"Raccoon","Initial","M","Juvenile",NA,"ND","",NA,"ND",0,2021,"Et_IPA","Spring","R5","75","3",-0.754757967376632,-0.648281065627218,"R5_Spring ",1
"761",761,871,"871_44234","B2","Bottomland","B2-2","2/7/2021","Spring 2021","B2_Spring 2021","B2-2",4.4,"Raccoon","Initial","M","Juvenile",NA,"ND","",NA,"ND",0,2021,"Et_IPA","Spring","B2","75","3",1.15587645563119,0.927948619368414,"B2_Spring ",1
"763",763,873,"873_44237","R5","Riparian","R5-2","2/10/2021","Spring 2021","R5_Spring 2021","R5-2",1.5,"Raccoon","Initial","F","Juvenile",NA,"1390","",NA,"1390",1,2021,"Et_IPA","Spring","R5","75","3",-0.754757967376632,-0.648281065627218,"R5_Spring ",1
"764",764,874,"874_44237","R5","Riparian","R5-2","2/10/2021","Spring 2021","R5_Spring 2021","R5-2",2.1,"Raccoon","Initial","M","Juvenile",NA,"733","",NA,"733",1,2021,"Et_IPA","Spring","R5","75","3",-0.754757967376632,-0.648281065627218,"R5_Spring ",1
"769",769,879,"879_44237","B2","Bottomland","B2-2","2/10/2021","Spring 2021","B2_Spring 2021","B2-2",7.1,"Raccoon","Initial","F","Juvenile",NA,"ND","",NA,"ND",0,2021,"Et_IPA","Spring","B2","75","3",1.15587645563119,0.927948619368414,"B2_Spring ",1
"770",770,880,"880_44237","P7","Pine","P7-2","2/10/2021","Spring 2021","P7_Spring 2021","P7-2",4.1,"Raccoon","Initial","M","Juvenile",NA,"503","",NA,"503",1,2021,"Et_IPA","Spring","P7","75","3",-1.01193194105028,-0.963197000992783,"P7_Spring ",1
"771",771,881,"881_44238","B2","Bottomland","B2-2","2/11/2021","Spring 2021","B2_Spring 2021","B2-2",7.1,"Raccoon","Initial","M","Juvenile",NA,"ND","",NA,"ND",0,2021,"Et_IPA","Spring","B2","75","3",1.15587645563119,0.927948619368414,"B2_Spring ",2
"772",772,882,"882_44238","B1","Bottomland","B1-2","2/11/2021","Spring 2021","B1_Spring 2021","B1-2",2.4,"Raccoon","Initial","F","Juvenile",NA,"425","",NA,"425",1,2021,"Et_IPA","Spring","B1","75","3",-0.467244995759304,-0.34686986215249,"B1_Spring ",1
"774",774,884,"884_44237","B1","Bottomland","B1-2","2/10/2021","Spring 2021","B1_Spring 2021","B1-2",4.4,"Raccoon","Initial","M","Juvenile",NA,"ND","",NA,"ND",0,2021,"Et_IPA","Spring","B1","75","3",-0.467244995759304,-0.34686986215249,"B1_Spring ",2
"777",777,887,"887_44241","W2","Wetland","W2-2","2/14/2021","Spring 2021","W2_Spring 2021","W2-2",1.3,"Raccoon","Initial","M","Juvenile",NA,"ND","",NA,"ND",0,2021,"Et_IPA","Spring","W2","75","3",-0.830107899925121,-0.358940736703237,"W2_Spring ",1
"778",778,888,"888_44239","B2","Bottomland","B2-2","2/12/2021","Spring 2021","B2_Spring 2021","B2-2",4.4,"Raccoon","Initial","M","Adult",NA,"ND","",NA,"ND",0,2021,"Et_IPA","Spring","B2","75","3",1.15587645563119,0.927948619368414,"B2_Spring ",1
"780",780,890,"890_44241","W2","Wetland","W2-2","2/14/2021","Spring 2021","W2_Spring 2021","W2-2",1.1,"Raccoon","Initial","M","Adult",NA,"ND","",NA,"ND",0,2021,"Et_IPA","Spring","W2","75","3",-0.830107899925121,-0.358940736703237,"W2_Spring ",1
"782",782,894,"894_44242","W2","Wetland","W2-2","2/15/2021","Spring 2021","W2_Spring 2021","W2-2",5.2,"Raccoon","Initial","M","Juvenile",NA,"ND","",NA,"ND",0,2021,"Et_IPA","Spring","W2","75","3",-0.830107899925121,-0.358940736703237,"W2_Spring ",1
"785",785,899,"899_44241","B2","Bottomland","B2-2","2/14/2021","Spring 2021","B2_Spring 2021","B2-2",5.1,"Raccoon","Initial","M","Adult",NA,"ND","",NA,"ND",0,2021,"Et_IPA","Spring","B2","75","3",1.15587645563119,0.927948619368414,"B2_Spring ",1
"786",786,900,"900_44241","B1","Bottomland","B1-2","2/14/2021","Spring 2021","B1_Spring 2021","B1-2",4.3,"Raccoon","Initial","M","Juvenile",NA,"ND","",NA,"ND",0,2021,"Et_IPA","Spring","B1","75","3",-0.467244995759304,-0.34686986215249,"B1_Spring ",1
"789",789,903,"903_44251","R1","Riparian","R1-2","2/24/2021","Spring 2021","R1_Spring 2021","R1-2",3.3,"Raccoon","Initial","M","Juvenile",NA,"ND","",NA,"ND",0,2021,"Et_IPA","Spring","R1","75","3",0.0855806080558497,-0.647584111265793,"R1_Spring ",1
"791",791,905,"905_44252","R1","Riparian","R1-2","2/25/2021","Spring 2021","R1_Spring 2021","R1-2",5.3,"Raccoon","Initial","F","Juvenile",NA,"ND","",NA,"ND",0,2021,"Et_IPA","Spring","R1","75","3",0.0855806080558497,-0.647584111265793,"R1_Spring ",1
"801",801,915,"915_44273","B3","Bottomland","B3-2","3/18/2021","Spring 2021","B3_Spring 2021","B3-2",1.2,"Raccoon","Initial","M","Juvenile",NA,"ND","",NA,"ND",0,2021,"Et_IPA","Spring","B3","75","3",-0.123348297672518,0.253585545529095,"B3_Spring ",1
"803",803,917,"917_44274","R4","Riparian","R4-2","3/19/2021","Spring 2021","R4_Spring 2021","R4-2",1.2,"Raccoon","Initial","F","Adult",NA,"ND","",NA,"ND",0,2021,"Et_IPA","Spring","R4","75","3",1.03715075307207,-0.170708554591531,"R4_Spring ",1
"817",817,932,"932_44277","P3","Pine","P3-2","3/22/2021","Spring 2021","P3_Spring 2021","P3-2",3.5,"Raccoon","Initial","M","Adult",NA,"ND","",NA,"ND",0,2021,"Et_IPA","Spring","P3","75","3",-0.945917040512127,-0.777548236902218,"P3_Spring ",1
"818",818,933,"933_44278","R4","Riparian","R4-2","3/23/2021","Spring 2021","R4_Spring 2021","R4-2",2.5,"Raccoon","Initial","M","Adult",NA,"ND","",NA,"ND",0,2021,"Et_IPA","Spring","R4","75","3",1.03715075307207,-0.170708554591531,"R4_Spring ",1
"821",821,937,"937_44267","P2","Pine","P2-2","3/12/2021","Spring 2021","P2_Spring 2021","P2-2",5.2,"Raccoon","Initial","M","Adult",NA,"4400","",NA,"4400",1,2021,"Et_IPA","Spring","P2","75","3",-0.997424220418293,-0.38304814185324,"P2_Spring ",1
"822",822,938,"938_44269","P3","Pine","P3-2","3/14/2021","Spring 2021","P3_Spring 2021","P3-2",5.3,"Raccoon","Initial","M","Juvenile",NA,"ND","",NA,"ND",0,2021,"Et_IPA","Spring","P3","75","3",-0.945917040512127,-0.777548236902218,"P3_Spring ",1
"823",823,939,"939_44272","R4","Riparian","R4-2","3/17/2021","Spring 2021","R4_Spring 2021","R4-2",3.4,"Raccoon","Initial","M","Juvenile",NA,"422","",NA,"422",1,2021,"Et_IPA","Spring","R4","75","3",1.03715075307207,-0.170708554591531,"R4_Spring ",1
"824",824,940,"940_44272","R4","Riparian","R4-2","3/17/2021","Spring 2021","R4_Spring 2021","R4-2",4.5,"Raccoon","Initial","M","Adult",NA,"ND","",NA,"ND",0,2021,"Et_IPA","Spring","R4","75","3",1.03715075307207,-0.170708554591531,"R4_Spring ",2
"825",825,941,"941_44273","R4","Riparian","R4-2","3/18/2021","Spring 2021","R4_Spring 2021","R4-2",5.5,"Raccoon","Initial","M","Juvenile",NA,"1160","",NA,"1160",1,2021,"Et_IPA","Spring","R4","75","3",1.03715075307207,-0.170708554591531,"R4_Spring ",1
"826",826,942,"942_44273","R4","Riparian","R4-2","3/18/2021","Spring 2021","R4_Spring 2021","R4-2",3.4,"Raccoon","Initial","M","Adult",NA,"506","",NA,"506",1,2021,"Et_IPA","Spring","R4","75","3",1.03715075307207,-0.170708554591531,"R4_Spring ",1
"827",827,943,"943_44273","W3","Wetland","W3-2","3/18/2021","Spring 2021","W3_Spring 2021","W3-2",2.3,"Raccoon","Initial","M","Juvenile",NA,"ND","",NA,"ND",0,2021,"Et_IPA","Spring","W3","75","3",-0.882766170070536,-0.999514703823067,"W3_Spring ",1
"828",828,944,"944_44273","W3","Wetland","W3-2","3/18/2021","Spring 2021","W3_Spring 2021","W3-2",2.2,"Raccoon","Initial","M","Adult",NA,"196","",NA,"196",1,2021,"Et_IPA","Spring","W3","75","3",-0.882766170070536,-0.999514703823067,"W3_Spring ",1
"829",829,945,"945_44273","P3","Pine","P3-2","3/18/2021","Spring 2021","P3_Spring 2021","P3-2",5.5,"Raccoon","Initial","F","Juvenile",NA,"1810","",NA,"1810",1,2021,"Et_IPA","Spring","P3","75","3",-0.945917040512127,-0.777548236902218,"P3_Spring ",2
"830",830,946,"946_44274","P3","Pine","P3-2","3/19/2021","Spring 2021","P3_Spring 2021","P3-2",3.5,"Raccoon","Initial","M","Juvenile",NA,"ND","",NA,"ND",0,2021,"Et_IPA","Spring","P3","75","3",-0.945917040512127,-0.777548236902218,"P3_Spring ",1
"832",832,948,"948_44277","W1","Wetland","W1-2","3/22/2021","Spring 2021","W1_Spring 2021","W1-2",7.5,"Raccoon","Initial","M","Juvenile",NA,"ND","",NA,"ND",0,2021,"Et_IPA","Spring","W1","75","3",-0.447714837891408,-0.547806915027724,"W1_Spring ",1
"835",835,951,"951_44492","W2","Wetland","W2-1","10/23/2021","Spring 2021","W2_Spring 2021","W2-1",2.5,"Raccoon","Initial","M","Adult",NA,"ND","",NA,"ND",0,2021,"Et_IPA","Spring","W2","75","3",-0.830107899925121,-0.358940736703237,"W2_Spring ",1
"836",836,952,"952_44492","W2","Wetland","W2-1","10/23/2021","Spring 2021","W2_Spring 2021","W2-1",1.5,"Raccoon","Initial","F","Juvenile",NA,"ND","",NA,"ND",0,2021,"Et_IPA","Spring","W2","75","3",-0.830107899925121,-0.358940736703237,"W2_Spring ",1
"838",838,954,"954_44494","B1","Bottomland","B1-1","10/25/2021","Spring 2021","B1_Spring 2021","B1-1",3.4,"Raccoon","Initial","M","Juvenile",NA,"ND","",NA,"ND",0,2021,"Et_IPA","Spring","B1","75","3",-0.467244995759304,-0.34686986215249,"B1_Spring ",1
"840",840,958,"958_44492","B1","Bottomland","B1-1","10/23/2021","Spring 2021","B1_Spring 2021","B1-1",6.6,"Raccoon","Initial","F","Juvenile",NA,"ND","",NA,"ND",0,2021,"Et_IPA","Spring","B1","75","3",-0.467244995759304,-0.34686986215249,"B1_Spring ",1
"846",846,964,"964_44495","B1","Bottomland","B1-1","10/26/2021","Spring 2021","B1_Spring 2021","B1-1",6.6,"Raccoon","Initial","M","Adult",NA,"ND","",NA,"ND",0,2021,"Et_IPA","Spring","B1","75","3",-0.467244995759304,-0.34686986215249,"B1_Spring ",1
"848",848,966,"966_44497","B1","Bottomland","B1-1","10/28/2021","Spring 2021","B1_Spring 2021","B1-1",5.6,"Raccoon","Initial","M","Juvenile",NA,"ND","",NA,"ND",0,2021,"Et_IPA","Spring","B1","75","3",-0.467244995759304,-0.34686986215249,"B1_Spring ",1
"852",852,970,"970_44495","B1","Bottomland","B1-1","10/26/2021","Spring 2021","B1_Spring 2021","B1-1",6.1,"Raccoon","Initial","M","Adult",NA,"ND","",NA,"ND",0,2021,"Et_IPA","Spring","B1","75","3",-0.467244995759304,-0.34686986215249,"B1_Spring ",1
"854",854,972,"972_44498","R1","Riparian","R1-1","10/29/2021","Spring 2021","R1_Spring 2021","R1-1",5.1,"Raccoon","Initial","F","Adult",NA,"40*","",NA,"40*",1,2021,"Et_IPA","Spring","R1","75","3",0.0855806080558497,-0.647584111265793,"R1_Spring ",1
"855",855,973,"973_44499","W2","Wetland","W2-1","10/30/2021","Spring 2021","W2_Spring 2021","W2-1",3.2,"Raccoon","Initial","M","Adult",NA,"ND","",NA,"ND",0,2021,"Et_IPA","Spring","W2","75","3",-0.830107899925121,-0.358940736703237,"W2_Spring ",1
"858",858,977,"977_44500","B1","Bottomland","B1-1","10/31/2021","Spring 2021","B1_Spring 2021","B1-1",2.4,"Raccoon","Initial","F","Adult",NA,"ND","",NA,"ND",0,2021,"Et_IPA","Spring","B1","75","3",-0.467244995759304,-0.34686986215249,"B1_Spring ",1
"859",859,978,"978_44508","R5","Riparian","R5-1","11/8/2021","Spring 2021","R5_Spring 2021","R5-1",1.4,"Raccoon","Initial","F","Adult",NA,"145","",NA,"145",1,2021,"Et_IPA","Spring","R5","75","3",-0.754757967376632,-0.648281065627218,"R5_Spring ",1
"863",863,982,"982_44509","R5","Riparian","R5-1","11/9/2021","Spring 2021","R5_Spring 2021","R5-1",3.1,"Raccoon","Initial","M","Adult",NA,"ND","",NA,"ND",0,2021,"Et_IPA","Spring","R5","75","3",-0.754757967376632,-0.648281065627218,"R5_Spring ",1
"866",866,985,"985_44512","B2","Bottomland","B2-1","11/12/2021","Spring 2021","B2_Spring 2021","B2-1",7.4,"Raccoon","Initial","M","Juvenile",NA,"ND","",NA,"ND",0,2021,"Et_IPA","Spring","B2","75","3",1.15587645563119,0.927948619368414,"B2_Spring ",1
"868",868,987,"987_44513","B2","Bottomland","B2-1","11/13/2021","Spring 2021","B2_Spring 2021","B2-1",9.4,"Raccoon","Initial","M","Juvenile",NA,"ND","",NA,"ND",0,2021,"Et_IPA","Spring","B2","75","3",1.15587645563119,0.927948619368414,"B2_Spring ",1
"869",869,988,"988_44513","B3","Bottomland","B3-1","11/13/2021","Spring 2021","B3_Spring 2021","B3-1",2.3,"Raccoon","Initial","M","Juvenile",NA,"ND","",NA,"ND",0,2021,"Et_IPA","Spring","B3","75","3",-0.123348297672518,0.253585545529095,"B3_Spring ",2
"871",871,990,"990_44644","P7","Pine","P7-2","3/24/2022","Spring 2021","P7_Spring 2021","P7-2",4.1,"Raccoon","Initial","M","Adult",NA,"ND","",NA,"ND",0,2021,"Et_IPA","Spring","P7","75","3",-1.01193194105028,-0.963197000992783,"P7_Spring ",1
"874",874,996,"996_44509","B2","Bottomland","B2-1","11/9/2021","Spring 2021","B2_Spring 2021","B2-1",9.2,"Raccoon","Initial","M","Adult",NA,"ND","",NA,"ND",0,2021,"Et_IPA","Spring","B2","75","3",1.15587645563119,0.927948619368414,"B2_Spring ",1
"875",875,997,"997_44605","B1","Bottomland","B1-2","2/13/2022","Spring 2021","B1_Spring 2021","B1-2",1.4,"Raccoon","Initial","M","Adult",NA,"ND","",NA,"ND",0,2021,"Et_IPA","Spring","B1","75","3",-0.467244995759304,-0.34686986215249,"B1_Spring ",2
"878",878,1000,"1000_44528","R4","Riparian","R4-1","11/28/2021","Spring 2021","R4_Spring 2021","R4-1",5.1,"Raccoon","Initial","M","Adult",NA,"ND","",NA,"ND",0,2021,"Et_IPA","Spring","R4","75","3",1.03715075307207,-0.170708554591531,"R4_Spring ",1
"880",880,1002,"1002_44509","B3","Bottomland","B3-1","11/9/2021","Spring 2021","B3_Spring 2021","B3-1",5.3,"Raccoon","Initial","M","Adult",NA,"ND","",NA,"ND",0,2021,"Et_IPA","Spring","B3","75","3",-0.123348297672518,0.253585545529095,"B3_Spring ",1
"882",882,1004,"1004_44510","B2","Bottomland","B2-1","11/10/2021","Spring 2021","B2_Spring 2021","B2-1",8.3,"Raccoon","Initial","F","Juvenile",NA,"ND","",NA,"ND",0,2021,"Et_IPA","Spring","B2","75","3",1.15587645563119,0.927948619368414,"B2_Spring ",1
"883",883,1005,"1005_44510","B2","Bottomland","B2-1","11/10/2021","Spring 2021","B2_Spring 2021","B2-1",8.4,"Raccoon","Initial","M","Juvenile",NA,"ND","",NA,"ND",0,2021,"Et_IPA","Spring","B2","75","3",1.15587645563119,0.927948619368414,"B2_Spring ",1
"886",886,1008,"1008_44511","B2","Bottomland","B2-1","11/11/2021","Spring 2021","B2_Spring 2021","B2-1",6.1,"Raccoon","Initial","M","Juvenile",NA,"ND","",NA,"ND",0,2021,"Et_IPA","Spring","B2","75","3",1.15587645563119,0.927948619368414,"B2_Spring ",2
"887",887,1009,"1009_44511","B3","Bottomland","B3-1","11/11/2021","Spring 2021","B3_Spring 2021","B3-1",2.4,"Raccoon","Initial","F","Adult",NA,"ND","",NA,"ND",0,2021,"Et_IPA","Spring","B3","75","3",-0.123348297672518,0.253585545529095,"B3_Spring ",1
"889",889,1011,"1011_44512","B2","Bottomland","B2-1","11/12/2021","Spring 2021","B2_Spring 2021","B2-1",8.2,"Raccoon","Initial","F","Juvenile",NA,"ND","",NA,"ND",0,2021,"Et_IPA","Spring","B2","75","3",1.15587645563119,0.927948619368414,"B2_Spring ",1
"891",891,1013,"1013_44513","B3","Bottomland","B3-1","11/13/2021","Spring 2021","B3_Spring 2021","B3-1",1.4,"Raccoon","Initial","F","Adult",NA,"ND","",NA,"ND",0,2021,"Et_IPA","Spring","B3","75","3",-0.123348297672518,0.253585545529095,"B3_Spring ",1
"892",892,1014,"1014_44515","B2","Bottomland","B2-1","11/15/2021","Spring 2021","B2_Spring 2021","B2-1",9.3,"Raccoon","Initial","M","Adult",NA,"ND","",NA,"ND",0,2021,"Et_IPA","Spring","B2","75","3",1.15587645563119,0.927948619368414,"B2_Spring ",1
"894",894,1016,"1016_44515","W1","Wetland","W1-1","11/15/2021","Spring 2021","W1_Spring 2021","W1-1",7.2,"Raccoon","Initial","F","Juvenile",NA,"70*","",NA,"70*",1,2021,"Et_IPA","Spring","W1","75","3",-0.447714837891408,-0.547806915027724,"W1_Spring ",1
"899",899,1021,"1021_44533","R4","Riparian","R4-1","12/3/2021","Spring 2021","R4_Spring 2021","R4-1",4.1,"Raccoon","Initial","F","Adult",NA,"ND","",NA,"ND",0,2021,"Et_IPA","Spring","R4","75","3",1.03715075307207,-0.170708554591531,"R4_Spring ",1
"904",904,1027,"1027_44516","R5","Riparian","R5-1","11/16/2021","Spring 2021","R5_Spring 2021","R5-1",1.3,"Raccoon","Initial","M","Adult",NA,"ND","",NA,"ND",0,2021,"Et_IPA","Spring","R5","75","3",-0.754757967376632,-0.648281065627218,"R5_Spring ",1
"905",905,1028,"1028_44517","B3","Bottomland","B3-1","11/17/2021","Spring 2021","B3_Spring 2021","B3-1",7.2,"Raccoon","Initial","F","Adult",NA,"ND","",NA,"ND",0,2021,"Et_IPA","Spring","B3","75","3",-0.123348297672518,0.253585545529095,"B3_Spring ",1
"907",907,1031,"1031_44527","R4","Riparian","R4-1","11/27/2021","Spring 2021","R4_Spring 2021","R4-1",4.5,"Raccoon","Initial","M","Adult",NA,"ND","",NA,"ND",0,2021,"Et_IPA","Spring","R4","75","3",1.03715075307207,-0.170708554591531,"R4_Spring ",1
"910",910,1035,"1035_44629","W1","Wetland","W1-2","3/9/2022","Spring 2021","W1_Spring 2021","W1-2",4.2,"Raccoon","Initial","M","Adult",NA,"ND","",NA,"ND",0,2021,"Et_IPA","Spring","W1","75","3",-0.447714837891408,-0.547806915027724,"W1_Spring ",1
"912",912,1038,"1038_44639","P7","Pine","P7-2","3/19/2022","Spring 2021","P7_Spring 2021","P7-2",2.2,"Raccoon","Initial","M","Adult",NA,"ND","",NA,"ND",0,2021,"Et_IPA","Spring","P7","75","3",-1.01193194105028,-0.963197000992783,"P7_Spring ",1
"922",922,1048,"1048_44646","R4","Riparian","R4-2","3/26/2022","Spring 2021","R4_Spring 2021","R4-2",5.1,"Raccoon","Initial","M","Adult",NA,"ND","",NA,"ND",0,2021,"Et_IPA","Spring","R4","75","3",1.03715075307207,-0.170708554591531,"R4_Spring ",1
"940",940,1081,"1081_44626","B3","Bottomland","B3-2","3/6/2022","Spring 2021","B3_Spring 2021","B3-2",2.4,"Raccoon","Initial","F","Juvenile",NA,"ND","",NA,"ND",0,2021,"Et_IPA","Spring","B3","75","3",-0.123348297672518,0.253585545529095,"B3_Spring ",1
"958",958,779,"779_44639","P2","Pine","P2-2","3/19/2022","Spring 2022","P2_Spring 2022","P2-2",1.2,"Raccoon","Initial","F","Juvenile",NA,"","",0,"0",0,2022,"Rhodamine","Spring","P2","75","3",-0.997424220418293,-0.38304814185324,"P2_Spring ",3
"962",962,856,"856_44629","B2","Bottomland","B2-2","3/9/2022","Spring 2022","B2_Spring 2022","B2-2",4.2,"Raccoon","Initial","M","Adult",NA,"","",0,"0",0,2022,"Rhodamine","Spring","B2","75","3",1.15587645563119,0.927948619368414,"B2_Spring ",2
"972",972,990,"990_44644","P7","Pine","P7-2","3/24/2022","Spring 2022","P7_Spring 2022","P7-2",4.1,"Raccoon","Initial","M","Adult",NA,"","",0,"0",0,2022,"Rhodamine","Spring","P7","75","3",-1.01193194105028,-0.963197000992783,"P7_Spring ",1
"973",973,997,"997_44605","B1","Bottomland","B1-2","2/13/2022","Spring 2022","B1_Spring 2022","B1-2",1.4,"Raccoon","Initial","M","Adult",NA,"","",1,"1",1,2022,"Rhodamine","Spring","B1","75","3",-0.467244995759304,-0.34686986215249,"B1_Spring ",2
"983",983,1035,"1035_44629","W1","Wetland","W1-2","3/9/2022","Spring 2022","W1_Spring 2022","W1-2",4.2,"Raccoon","Initial","M","Adult",NA,"","",1,"1",1,2022,"Rhodamine","Spring","W1","75","3",-0.447714837891408,-0.547806915027724,"W1_Spring ",1
"986",986,1038,"1038_44639","P7","Pine","P7-2","3/19/2022","Spring 2022","P7_Spring 2022","P7-2",2.2,"Raccoon","Initial","M","Adult",NA,"","",1,"1",1,2022,"Rhodamine","Spring","P7","75","3",-1.01193194105028,-0.963197000992783,"P7_Spring ",1
"996",996,1048,"1048_44646","R4","Riparian","R4-2","3/26/2022","Spring 2022","R4_Spring 2022","R4-2",5.1,"Raccoon","Initial","M","Adult",NA,"","",0,"0",0,2022,"Rhodamine","Spring","R4","75","3",1.03715075307207,-0.170708554591531,"R4_Spring ",1
"1014",1014,1081,"1081_44626","B3","Bottomland","B3-2","3/6/2022","Spring 2022","B3_Spring 2022","B3-2",2.4,"Raccoon","Initial","F","Juvenile",NA,"","",0,"0",0,2022,"Rhodamine","Spring","B3","75","3",-0.123348297672518,0.253585545529095,"B3_Spring ",1
